paper,title,datetime,writing,writer
SBS,"러시아 방문한 김정은 영상 공개돼…""내일 푸틴과 회담""",2023.09.12. 오후 11:44,"4년 5개월 만에 러시아를 방문한 김정은 북한 국무위원장의 모습이 공개됐습니다.러시아 매체 RBK는 ""알렉산드르 코즐로프 러시아 천연자원부 장관이 김 위원장의 러시아 연해주 도착 영상을 공개한 것""이라고 설명했습니다.영상 속에서 김 위원장은 러시아 군악대의 연주 속에 기차에서 내린 뒤, 붉은 카펫 위를 걸으며 러시아 관리들과 인사를 나눴습니다.블라디미르 푸틴 러시아 대통령의 초대를 받고 러시아를 방문한 김 위원장은 지난 10일 북한에서 전용 기차를 타고 출발, 오늘(12일) 오전 국경을 넘어 러시아 연해주 하산역에서 환영 인사를 받은 것으로 알려졌습니다.코즐로프 장관은 자신의 소셜미디어에 ""두만강을 건너는 다리. 북한 지도자를 만났다. 김정은이 공식 초청으로 러시아에 도착했다""고 썼습니다.글 내용으로 미뤄 코즐로프 장관이 올린 영상은 김 위원장이 하산역에 도착했을 때 찍은 것으로 추정됩니다.RBK는 소식통을 인용해 김 위원장이 오늘 푸틴 대통령과 정상회담을 하고, 16일에는 세르게이 쇼이구 국방장관과 만날 것이라고 보도했습니다.앞서 교도 통신은 김 위원장과 푸틴 대통령이 러시아 아무르주 보스토치니 우주기지에서 회담할 것이라고 러시아 소식통을 인용해 전했습니다.(사진=코즐로프 러시아 천연자원부 장관 텔레그램 캡처, 연합뉴스)		",윤나라 기자 invictus@sbs.co.kr
파이낸셜뉴스,진중권 “박지현 눈물은 ‘공천용’...이재명에 회복식? 뻔한 거 아니냐”,2023.09.13. 오전 9:30,"지난 11일 오후 단식 12일째인 이재명 더불어민주당 대표의 단식농성장을 찾은 박지현 전 비상대책위원장이 눈물을 보이고 있다. 2023.9.11 /뉴스1 [파이낸셜뉴스] 최근 박지현 전 더불어민주당 공동비대위원장이 국회에서 단식 농성을 하고있는 이재명 민주당 대표를 찾아 눈물을 보이며 “회복식을 만들어 주겠다”고 언급한 가운데, 진중권 광운대 교수는 이를 두고 “공천받으려고 그런 것 같다”고 비판했다.     진 교수 ""이 대표 줄곧 비판하더니 눈물.. 너무 뻔하다""  진 교수는 12일 밤 CBS라디오 ‘박재홍의 한판 승부’에 출연해 이같이 말하며 “그로테스크(괴기)하다”고 언급했다. ‘그로테스크’라는 표현은 이날 비명계인 조응천 민주당 의원이 박 전 위원장을 비판할 때 사용한 표현이다.   진 교수는 박 전 위원장이 줄곧 이 대표를 비판하는 것으로 자신의 존재감을 찾으려 했다면서 “그동안 박지현 그분의 스탠스라면 단식농성을 비판해야 된다”고 지적했다.   그는 “지금까지의 박 전 위원장이었다면 ‘이게 무슨 당을 위한 거냐. DJ 단식이냐, YS 단식이냐, 그런 것도 아니지 않느냐. 요구가 뭐냐. 방탄용 단식인데 하지 말아라, 싸우려면 다른 방식으로 싸우라’고 얘기해야 할 사람이다”며 “눈물 흘리면서 ‘회복식을 제가 만들어드릴게요’ 이건 뻔한 거 아니냐”고 비판했다.      박지현 '눈물 방문'에 당내 인사들도 ""그로테스크하다""  한편 박 전 위원장은 11일 단식 농성 중인 이 대표를 만나 눈물을 흘리며 “단식이 끝나면 회복식을 만들어 드릴 테니 얼른 단식을 중단해달라”고 말했다.   그는 “당원뿐만 아니라 일반 시민들도 다 걱정한다”며 “이제 (단식을) 그만하고 건강 회복에 힘써 같이 윤석열 정권에 맞서 긴 호흡으로 싸워나가자”고 말했다.   이에 이 대표는 박 전 위원장에게 “아직은 견딜만 하다. 안 그래도 내가 박 전 위원장을 보고 싶었다”며 “공부 열심히 하고 있어야 한다. 언제 한 번 보자”라고 답했다.   박 전 위원장의 눈물에 대해 친명계인 정청래 의원은 “오버다”고 비판했고 비명계인 조응천 의원도 “굉장히 초현실적이고 좀 그로테스크해 보였다”며 너무 뜬금없는 행동이었다고 혀를 찼다. #진중권 #이재명 #단식 #공천 #박지현  ",박상훈 기자 (sanghoon3197@fnnews.com)
뉴시스,"김기현, 교원단체와 '교권회복' 간담회…법안 처리 고삐",2023.09.13. 오전 12:01,"교권회복 4법·아동학대처벌특례법 개정 등 논의여야, 교육위 법안소위서 교권회복 4법 처리할듯김기현 국민의힘 대표.[서울=뉴시스] 김근수 기자 = 김기현 국민의힘 대표가 지난 12일 서울 중구 한국관광공사 서울센터에서 열린 사단법인 문화자유행동 창립기념 심포지엄에서 축사를 하고 있다. 2023.09.12. ks@newsis.com[서울=뉴시스] 정성원 기자 = 김기현 국민의힘 대표가 13일 교권회복 법안 처리와 교권 향상에 힘을 보탠다.김 대표는 이날 오전 9시 국회 본관에서 '교권회복과 강화를 위한 국민의힘-교원단체 간담회'를 연다.당에서는 김 대표를 비롯해 이태규 국회 교육위원회 간사, 정점식 국회 법제사법위원회 간사, 이만희 국회 행정안전위원회 간사, 유상범 수석대변인, 구자근 당대표 비서실장 등이 참석한다.교원단체에서는 정성국 한국교원단체총연합회 회장, 김용서 교사노동조합연맹 위원장, 이만주 새로운학교네트워크 이사장, 전희영 전국교직원노동조합 위원장 등이 자리한다.당과 교원단체는 국민의힘과 정부가 신속하게 제·개정하기로 한 ▲교원의 지위 향상 및 교육활동 보호를 위한 특별법(교원지위법) ▲초중등교육법 ▲유아교육법 ▲교육기본법 등 '교권 회복 4법' 처리 등을 논의할 예정이다.이와 함께 교원의 정당한 교육활동과 학생생활지도를 아동학대로 보지 않도록 한 '아동학대처벌특례법' 개정안에 대해서도 심도있게 논의한다.당정은 앞서 지난 12일 '아동학대처벌법 개정 관련 당정 협의회'를 열고 무분별한 아동학대 신고로부터 교원을 보호하도록 아동학대처벌특례법과 경찰청 수사 지침 등을 신속히 개정하기로 했다.당정은 개정을 통해 교원이 아동학대로 신고당하더라도 정당한 사유 없이 '직위 해제' 처분을 할 수 없도록 요건을 강화할 방침이다. 또 아동학대 신고 시 교육감이 의무적으로 관련 의견을 제출하도록 한다.개정안은 간담회에 참석하는 법사위 간사인 정점식 의원과 교육위 간사 이태규 의원이 공동발의할 예정이다. 이 때문에 간담회는 법안 발의에 앞서 교원단체들의 의견을 듣는 자리가 될 전망이다.한편, 여야는 이날 오전 10시 교육위 법안심사소위원회 회의를 열고 교권 회복 4법을 처리할 계획이다. 여야는 이어 15일 교육위 전체회의를 거쳐 이달 21일 본회의에서 교권 회복 4법을 의결하기로 의견을 모은 상태다.법안심사소위에는 교권 회복 4법 외에 '무분별한(무고성) 아동학대 신고로부터 학습권과 교권 보호를 위한 초·중등교육법 개정안 조속 통과 요청', '아이들을 더 사랑할 수 있도록 부디 교사들을 지켜주세요' 등 4건의 청원이 상정될 예정이다.",정성원 기자(jungsw@newsis.com)
데일리안,"단식 중인 이재명 항의방문했다고…민주당, 태영호 징계안 제출하기로",2023.09.12. 오전 11:37,"지난 7일 ""北에서 온 쓰레기"" 발언 항의방문송기헌 ""태영호 행태 도저히 묵과할 수 없다""조만간 국회 윤리특위에 징계안 제출하기로태영호 국민의힘 의원이 7일 오전 서울 여의도 국회 본청 앞 단식투쟁천막에서 무기한 단식 투쟁에 돌입해 단식 8일차를 맞은 이재명 더불어민주당 대표를 항의 방문하려고 하자 더불어민주당 의원들에게 가로막히고 있다. ⓒ데일리안 홍금표 기자[데일리안 = 김은지 기자] 더불어민주당이 '북한에서 온 쓰레기' 발언과 관련해 이재명 대표의 단식장을 항의방문했던 태영호 국민의힘 의원에 대한 징계안을 조만간 제출하기로 했다.송기헌 민주당 원내수석부대표는 12일 원내대책회의에서 ""(태영호 의원에 대한 국회 윤리특별위원회) 징계를 할 수 있도록 하겠다""라고 밝혔다.송 원내수석은 ""김기현 대표의 막말이 점점 도가 지나치면서 인격의 수준까지도 의심해야 할 수준의 발언을 하고 있다""라며 ""태 의원은 본회의장에서 제1야당을 적대세력으로 비난하고 단식 중인 제1야당 대표를 찾아가서 행패와 소란을 하고 갔다""라고 지적했다.또한 ""두 분의 말과 행동에서 민주주의와 의회주의에 대해 전혀 생각이 없다는 느낌을 지울 수 없다""라면서 ""의견이 다르다고 상대방을 적대시하면 공동체의 갈등을 해소할 수 있는 민주주의가 기능을 발휘할 수 없다""라고 비판했다.아울러 ""갈등을 공동체의 통합과 발전의 계기로 만드는 국회의 기능을 살리는 데 여당 대표와 여당 중진의원께서 제 역할을 해주길 바란다""라며 ""태 의원의 행태는 도저히 묵과할 수 없다""라고 힘줘 말했다.태영호 의원은 지난 7일 국회에서 단식 농성 중인 이재명 대표를 찾아 대정부질문 도중 자신에게 '북한에서 온 쓰레기'라고 발언을 한 박영순 민주당 의원에 대한 출당과 제명을 요구한 바 있다.태 의원은 자신의 항변 내용이 든 A4용지를 들고 와 ""전날 본회의장에서 민주당 의원들이 대정부질문을 하는 도중 나를 향해 원색적인 막말을 했다""라며 ""빨갱이, 북한에서 온 쓰레기, 공산당 부역자란 말을 국회 본회의 대정부질문에서 할 수 있느냐""라고 물었다. 항의 과정에서 민주당 의원들에게 끌려나가는 소동도 벌어졌다.이와 관련해 김한규 민주당 원내대변인은 취재진을 만나 ""(징계안 제출은) 오전에 논의가 된 것이라 아직 일정은 확인되지 않았으나, 신속하게 제출하자고 의견을 모았다""라고 밝혔다.김 원내대변인은 '태 의원의 징계안에는 본회의장 안에서 했던 발언과 이재명 대표의 단식장을 방문했던 것을 다 포함하느냐'는 취재진들의 질문에 ""그렇게 보면 될 것""이라고 답했다. 김 원내대변인은 ""징계 수위는 윤리특별위원회 위원들의 판단을 존중한다는 입장""이라고 부연했다.국민의힘도 같은 당 소속 태 의원에게 '북한에서 온 쓰레기'라는 막말을 퍼부은 박영순 의원을 국회 윤리특위에 제소한 바 있다. 장동혁 원내대변인과 정경희 원내부대표는 지난 8일 국회 의안과를 찾아 국회의원 품위 유지를 위반했다는 이유로 박 의원에 대한 징계안을 제출했다. 징계안 발의에는 당 소속 의원 21명이 참여했다.		",김은지 기자 (kimeunji@dailian.co.kr)
조선비즈,"김기현, 자우림 김윤아 저격…“개념 없는 개념연예인”",2023.09.12. 오후 5:36,"국민의힘 김기현 대표가 12일 오후 서울 중구 한국관광공사에서 열린 사단법인 문화자유행동 창립기념 심포지엄 및 창립총회에서 발표 내용을 살펴보고 있다. 오른쪽부터 강승규 대통령실 시민사회수석, 김 대표, 국민의힘 나경원 전 의원. /연합뉴스        김기현 국민의힘 대표가 자우림 멤버인 가수 김윤아씨를 겨냥해 “개념 없는 개념 연예인이 너무 많은 것 같다”고 비판했다.김 대표는 12일 서울 중구 한국관광공사에서 열린 사단법인 문화자유행동 창립 기념 심포지엄에 참석해 이같이 말했다.김윤아씨는 최근 자신의 소셜미디어(SNS)에 후쿠시마 원전 오염수 방류 소식을 알리며 ‘오늘 같은 날 지옥에 대해 생각한다’는 글을 올린 바 있다.가수 김윤아. /LG생활건강 제공        김 대표는 “문화계 이권을 독점한 소수 특권 세력이 특정 정치·사회 세력과 결탁해 문화예술계를 선동의 전위대로 사용하는 일이 더 이상 반복돼선 안 된다”며 “부당한 권력에 저항하는 투사인 척하지만, 북한 인권이나 북한 주민들의 참혹한 상황에 입도 열지 않는다면 그것은 이율배반”이라고 지적했다.이어 “왜 이런 일들이 벌어질까. 결국 따돌림, 낙인찍기, 이권 나눠 먹기 카르텔 때문 아닐까”라며 “반복돼선 안 될 악습”이라고 했다.",오귀환 기자 ogi@chosunbiz.com
KBS,"이재명 “윤석열 정부, 국방장관 교체로 꼬리자르기 열중…특검으로 진상 규명”",2023.09.13. 오전 10:04,"더불어민주당 이재명 대표는 이종섭 국방부 장관의 사의 표명과 관련해 “윤석열 정부는 국방부장관과 안보라인 교체로 ‘꼬리 자르기’에만 열중한다”며 “특검법이 발의된 만큼, 민주당은 관련자들에 대한 철저한 진상 규명으로 반드시 진실을 밝히겠다”고 다짐했습니다. 이재명 대표는 오늘(13일) 언론에 배포한 입장문을 통해 “민주당이 국방부 장관에 대한 탄핵을 당론으로 정하려 하자 이종섭 장관이 곧바로 사의를 표명했다”며 “국민들은 ‘꼬리 자르기 사퇴’를 용납하지 않는다”고 밝혔습니다.  이어 “이태원 참사, 오송 참사, 채 상병 순직. 번번이 국민 생명을 지키지 못한 정부가, 책임은커녕 진실을 은폐하려고 하니 온 국민이 분노하는 것”이라며 “아무리 감추려한들 법적, 도의적 책임을 결코 면할 수 없음을 명심해야 할 것”이라고 강조했습니다.  그러면서 “군 사망사건 유족들은 ‘이번 사건을 국가가 책임지지 않는다면, 엄마들은 더 이상 병역의 의무를 따르게 키울 필요가 없다’고 말한다”며 “입대한 지 4개월 만에 차가운 주검이 되어버린 ‘채 상병의 억울한 죽음’ 앞에서, 어느 부모가 대한민국 군대에 자식을 보낸단 말인가”라고 되물었습니다.  이 대표의 이같은 입장문은 윤석열 대통령이 오늘 사의를 밝힌 이종섭 국방장관 후임에 신원식 국민의힘 의원을 임명할 가능성이 높다는 보도가 나온 데 따른 것입니다.[사진 출처 : 연합뉴스]■ 제보하기▷ 전화 : 02-781-1234, 4444▷ 이메일 : kbs1234@kbs.co.kr▷ 카카오톡 : 'KBS제보' 검색, 채널 추가▷ 네이버, 유튜브에서 KBS뉴스를 구독해주세요!",고은희 (ginger@kbs.co.kr)
파이낸셜뉴스,‘한중일 대 북중러’ 대결 구도 굳어지나? 연쇄회담 가능성,2023.09.13. 오전 11:22,"- 한중일에 맞서 결집하는 북러- 푸틴 이어 김정은도 방중 가능성有 북한이 '전승절'(6ㆍ25전쟁 정전협정 기념일) 70주년인 지난 7월 27일 저녁 평양 김일성광장에서 열병식을 개최했다고 조선중앙통신이 28일 보도했다.  【베이징=정지우 특파원】 김정은 북한 국무위원장과 블라디미르 푸틴 러시아 대통령이 회동하고, 푸틴 대통령이 내달 중국을 방문해 시진핑 국가 주석과 만날 것으로 예고되면서 북중러 결집이 공고화되는 모양새다. 김 위원장의 방중 가능성도 남아 있다. 한국과 미국, 일본이 불과 한 달 전에 정상회담을 갖고 북한의 핵위협, 중국의 대만 문제, 러시아의 우크라이나 침략 등을 성명서 직접 명시한 만큼 이에 대응하기 위한 결집으로 해석할 여지가 있다. 이럴 경우 ‘한중일 대 북중러’ 대결 구도가 굳어지게 된다.      한중일에 맞서 결집하는 북러  미국 외교전문지 포린폴리시(FP)는 우크라이나 전쟁 장기화와 외교적 고립 심화로 궁지에 몰린 푸틴 대통령이 “김 위원장에게서 구명줄을 찾으려 하고 있다”면서 “러시아가 서방에서 완전히 반대되는 방향으로 외교정책을 전환하려는 것”이라고 11일(현지시간) 평가했다.   또 러시아가 북한의 핵무기와 대륙간탄도미사일(ICBM) 보유에 반대하며 유엔 대북 제재에 동참해 왔지만 우크라이나에서의 전황이 악화하면서 우선순위가 바뀌었다고 FP는 해석했다. 따라서 북한은 회담을 통해 수십 년간 비축해 온 포탄과 미사일 등을 고전 중인 러시아에 제공할 가능성이 있다.   다만 러시아에겐 더 큰 노림수가 있다는 분석도 제기된다. 지난해 2월 우크라이나를 침공한 뒤 외교적 고립에 시달려 온 러시아는 최근 들어 ‘글로벌 사우스’(주로 남반구나 북반구의 저위도에 위치한 아시아, 아프리카, 남아메리카 등의 신흥국·개도국을 일컫는 통칭)를 결집해 서방에 대항하는 새로운 진영을 구축하는 데 공을 들여왔다.   이달 초 11개국으로 세력 확장에 성공한 브릭스(브라질, 러시아, 인도, 중국, 남아프리카공화국 등 신흥 경제 5개국)의 새로운 회원 6개국도 모두 글로벌 사우스에 속한다.   2014년 4월 홍콩에 등록된 비영리 국제기구인 남남협력금융센터는 글로벌 사우스를 ‘77개국과 중국’으로 정의했지만, 넓게는 134개국으로 간주되기도 한다.   사실상 유일하게 자국 편을 드는 강대국인 중국을 확실한 자기편으로 묶어두려는 의도가 있다는 해석도 나오고 있다. 북한과 관개 개선으로 중국의 지원을 이끌어 내려 한다는 것이다.     푸틴, 10월 방중  푸틴 대통령은 김 위원장에 이어 시 주석과도 만남을 예고한 상태다. 푸틴 대통령은 오는 10월 중순 베이징에서 열리는 일대일로(육·해상 신실크로드) 10주년 포럼에 참석할 것이라고 이미 밝혔기 때문에 이 시기 정상회담이 이뤄질 가능성이 있다.   북한도 러시아와 정상회담을 통해 중국 일종의 메시지를 보내는 것이라는 견해가 나온다. 지금처럼 중국에 일방적으로 의존하는 대신 옛 소련 시절처럼 중국과 러시아 사이에서 줄타기 외교를 하며 실익을 극대화하는 행보를 택할 것이라는 취지다.   빅터 차 미 전략국제문제연구소(CSIS) 아시아담당 부소장 겸 한국석좌는 외신에 “북한이 러시아와 관계를 강화한다면 중국은 영향력 유지를 위해 북한과의 관계를 다시 확장하고 경제 협력을 진작할 수밖에 없게 된다”고 풀이했다.   북러 회담에서 식량난 타개를 위한 각종 원조, 위성·핵추진 잠수함·탄도미사일 등 첨단 기술 교류로 확대될 가능성을 언급하는 의견도 있다.    김정은 북한 국무위원장과 시진핑 중국 국가주석 /사진=노동신문 뉴시스   푸틴 이어 김정은도 방중 가능성 有  중국 외교부는 북러 정상회담에 대해 “북러 사이의 일”이라며 즉답을 피하면서도, 몇 달 안에 김 위원장을 중국으로 초청할 계획이 있느냐는 질문에는 “알려줄 정보가 없다”며 여지를 남겼다.   중국은 일대일로 10주년 포럼에서 각국 정상들을 불러들여 ‘세력 자랑’을 할 계획을 세워놓고 있다. 올해는 2019년 제2회 포럼 때(37개국)보다 많은 90여개국과 기관 대표가 중국을 찾을 것으로 중국 외교부는 밝혔다. 김 위원장의 해외 방문이 시작됐다는 점을 감안하면 러시아 다음은 중국이 될 수도 있다.   중국 외교부는 “중국과 북한은 산과 물이 서로 이어진 우호적인 이웃으로 현재 중북 관계는 양호하게 발전하고 있다”며 “양국은 최고지도자들이 달성한 공동 인식을 이행하며 영역별로 교류·협력을 심화하고 있다”고 강조했다.   푸틴 대통령은 12일 자국에서 열린 ‘동방경제포럼’에서 장궈칭 중국 부총리와 회동한 뒤 “서방은 중국의 발전을 막기 위해 최선을 다했으나 성공할 수 없었다”면서 “러시아와 중국은 양측의 공동 노력으로 양국 관계가 역사상 가장 좋은 시기에 진입했다”고 말했다고 관찰자망은 전했다.   중국 관영 매체는 북러 회담을 놓고 “미국의 제재가 양국을 더 가깝게 만들었고, 동북아시아에서 더 많은 분열을 만들어 냈다”고 비판했다.		",정지우 기자 (jjw@fnnews.com)
뉴스1,"윤 대통령 ""AI·디지털, 규제 정책이 중요…인류 후생 입각해 만들어야""",2023.09.13. 오후 12:35,"""가짜뉴스 확산하면 자유민주주의·시장경제·미래세대 망칠 수 있어""""정부, 초거대 AI 많은 지원 해야…궁극에는 민간 투자·도전이 좌우""윤석열 대통령이 12일 오전 용산 대통령실 청사에서 열린 제38차 국무회의를 주재하며 모두발언을 하고 있다. (대통령실 제공) 2023.9.12/뉴스1 ⓒ News1 오대일 기자(서울=뉴스1) 최동현 기자 = 윤석열 대통령은 13일 ""인공지능(AI) 디지털은 법제도와 거버넌스(행정), 규제 정책이 매우 중요하다""며 ""가짜뉴스가 AI와 디지털을 이용해 확산되면 자유민주주의를 훼손하고, 자유민주주의에 기반한 시장경제를 훼손하고, 우리의 미래와 미래세대를 망칠 수 있다""고 말했다.윤 대통령은 이날 청와대 영빈관에서 '대한민국 초거대 AI 도약'을 주제로 열린 제20차 비상경제민생회의 모두 발언에서 ""AI에 대한 규범 질서를 만드는 데 있어 인류 전체의 후생을 극대화하는 방안에 입각해서 질서 규범이 만들어져야 되겠다""며 이같이 말했다.'초거대 AI'란 대용량 데이터를 학습하여 인간처럼 종합적인 인지, 판단, 추론이 가능한 인공지능을 뜻한다. 윤 대통령은 초거대 AI 주도권을 선점하기 위해 정부가 많은 물적 지원을 해야 한다고 주문하면서도, 가짜뉴스 등 부작용을 방지하기 위한 '디지털 윤리 규범'을 제정할 것을 강조했다.윤 대통령은 ""디지털에는 국경이 없고, 연결성과 즉시성을 갖고 있으므로 한 나라에만 적용되는 법제나 규제를 가지고는 해결할 수가 없다""며 ""그러기에 국제적으로 통용되는 보편적 디지털 규범과 질서를 정립하는 것이 필요하다""고 말했다.윤 대통령은 지난 6월 파리 소르본 대학교에서 디지털 질서 규범 제정을 위한 국제기구 설치를 제안하고, 지난 10일(현지시간) 인도 뉴델리 주요 20개국(G20) 정상회의에서 디지털 질서 규범 정립을 구체화한 '디지털 권리장전'을 천명할 계획을 밝힌 바 있다.윤 대통령은 '배기가스와 책임보험의 비유'를 들며 디지털 규범 질서의 확립을 거듭 역설했다. 과거 자동차 배기가스를 규제하자 반발이 컸지만 내연기관 고도화로 이어졌으며, 자동차 책임보험제가 도입되면서 자동차 이용이 대중화돼 결과적으로 산업과 문명이 발달했다는 것이다.윤 대통령은 ""저는 디지털과 AI에 있어서도 국제적 논의를 해서 남용과 부작용이 인류 문화와 문명에 해가 되지 않도록 해야 AI와 디지털을 더 보편화시키고 더 잘 이용할 수 있지 않느냐(고 생각한다)""며 ""물론 과도한, 어떤 카르텔이 달려들어서 하는 규제는 절대 안 되지만, 이것(AI·디지털)을 제대로 잘 쓰기 위한 법적 규제는 필요하다""고 강조했다.특히 윤 대통령은 ""전 세계가 지금 제일 많이 걱정하는 것이 가짜뉴스의 확산 문제다. 가짜뉴스야 사람이 만들어 내지만 AI와 디지털을 이용해서 빛보다 빠른 속도로 확산되면 자유민주주의를 훼손하고, 시장경제를 훼손하고, 우리 미래와 미래세대를 망칠 수 있다""며 ""이번에도 G20 정상회의에서 이런 얘기(가짜뉴스 확산 우려)가 많이 나왔다""고 했다.윤 대통령은 '초거대 AI' 선점을 위한 정부의 지원과 궁극적으로는 민간 주도 성장을 뒷받침해야 한다고 강조했다. 윤 대통령은 ""인공지능의 발전은 우수한 인재 양성에 달려 있고, 정부가 많은 물적 지원을 해야 한다""면서 ""그렇지만 정부의 지원은 기업의 과감한 투자와 도전에 마중물이 되는 것이고, 궁극적으로는 민간의 투자와 도전이 우리 초거대 AI 경쟁을 좌우한다""고 했다.한편 이날 회의에는 유영상 SKT 대표, 김영섭 KT 대표이사, 홍은택 카카오 대표이사, 배경훈 LG AI 연구원장, 최수연 네이버 대표이사, 김성훈 업스테이지 대표, 김영섬 코난테크놀로지 대표, 김종윤 스캐터랩 대표, 박성현 리벨리온 대표 등 초거대 AI 기업이 대거 참석했다.또 염재호 태재대 총장, 이원우 서울대 교수, 이경무 서울대 교수, 서민준 KAIST 교수, 김선주 연세대 교수, 박혜진 한양대 교수 등 교수 10명, AI 경진대회 수상 및 AI 대학원생도 배석했다. 정부에서는 이종호 과학기술정보통신부 장관, 여당에서는 박대출 국민의힘 정책위의장, 장제원 국회 과학기술정보방송통신위원회 위원장 등이 자리했다.		",최동현 기자 (dongchoi89@news1.kr)
뉴스1,"한 총리, 체코 총리에 ""북한 오판않도록 강한 목소리 내달라""(종합)",2023.09.13. 오전 10:53,"체코 방문, 북러 회담 관련 당부…부산엑스포 유치 지지도K뷰티 박람회 방문…""더 열심히 대한민국 세일즈할 것""한덕수 국무총리(왼쪽)와 페트르 피알라(Petr Fiala) 체코 총리(총리실 제공)/(서울=뉴스1) 윤수희 기자 = 한덕수 국무총리는 13일 ""페트르 피알라(Petr Fiala) 체코 총리와 밀로쉬 비스트르칠(Miloš Vystrčil) 상원의장을 만나 북러 회담과 관련해 북한이 오판하지 않도록 국제사회에서 강하게 목소리를 내달라는 부탁을 드렸다""고 말했다.체코·폴란드를 순방 중인 한 총리는 이날 페이스북을 통해 ""12일 하루 종일 동유럽 핵심 우방국인 체코의 정계 지도자들을 만났다""며 이같이 말했다. 한 총리는 피알라 체코 총리의 초청으로 지난 11일부터 13일까지 체코를 공식 방문해 피알라 총리와 지난 12일 회담을 가졌다.총리실에 따르면 한 총리는 피알라 총리와의 회담에서 ""양국 관계가 2015년 전략적 동반자 관계로 격상된 이래 정치, 경제, 인적교류 등 다양한 분야에서 협력을 확대하고 있다""며 ""원전, 수소 등 에너지, 고속철도 등 인프라, 방산 등 다양한 분야에서 호혜적 협력을 강화해 나가자""고 했다.또 ""지난해 양국 교역이 약 42억달러로 최근 3년 연속 최대치를 경신했다""며 ""앞으로 양국 교역과 투자가 더욱 확대될 수 있도록 양국 정부가 함께 노력해나가자""고 요청했다. 그러면서 체코에 진출 우리 기업의 원활한 활동을 위해 체코 정부의 적극적인 지원을 당부했다. 피알라 총리는 ""한국 기업의 양국 관계 발전에 대한 기여를 높이 평가한다. 더 많은 한국 기업들의 투자를 기대한다""면서 ""고속철도, 원전, 수소 등 미래첨단산업 분야로 협력을 다변화해 나가는 방안을 계속 모색해 나가자""고 말했다.또한 양 총리는 북한의 도발에 대해 국제사회가 함께 단호히 대응해야 한다는 데 의견을 같이하고 북한 비핵화를 위해 계속 공조해 나가기로 하는 한편 우크라이나 전쟁의 종식과 평화 회복, 우크라이나 재건을 위한 국제사회의 연대 필요성에 공감했다.이밖에 양 총리는 양국간 인적 교류 규모가 더욱 확대되고 양국 국민 간의 상호이해가 더욱 심화될 수 있도록 노력해 나가기로 했다.한덕수 국무총리(왼쪽)와 밀로쉬 비스트르칠(Miloš Vystrčil) 체코 상원의장(총리실 제공)/이어서 한 총리는 같은 날 오후 비스트르칠 상원의장을 면담하고 ""양국간 전략적 동반자 관계가 원전, 고속철, 수소 등 분야로 확대될 수 있도록 우리 진출 기업들의 애로사항 해결에 대해 관심과 지원을 가져달라""고 당부했다.비스트로칠 상원의장은 ""에너지 및 전기차 등 분야에 있어 한국과 체코 간 협력의 가능성은 매우 크다. 의회 차원에서도 양국 협력 확대를 위해 적극 지원하겠다""며 ""한국과 더 많은 분야에서 경제협력을 확대하고 싶다""고 했다.아울러 한 총리는 지난 11일 기아자동차, 넥센타이어, 대한한공 등 체코 진출 기업인들과 저녁식사를 함께하며 우리 기업인들을 격려하고 현지의 애로사항을 청취했다. 체코 거주 동포들과도 12일 간담회를 열어 재외동포청 설립 등 우리 정부의 재외동포 정책 방향에 대해 설명했다.한 총리는 프라하 시내에서 열린 K뷰티 쇼케이스 방문 사실도 전했다. 한 총리는 ""체코 젊은이들이 하얀 종이등이 걸린 잔디밭과 홍보관을 오가며 달팽이 크림을 포함한 K뷰티 제품을 발라보고 메이크업도 체험하고 있었다""며 ""한국이 단순히 경제 강국을 넘어 다방면에 매력적인 나라로 진화하고 있다는 걸 느꼈다""고 밝혔다.이어 ""저도 몇 가지 제품을 손등에 발라봤는데 현지인 직원이 얼마나 열심히 효능을 설명하던지 마음까지 젊어진 기분""이라며 ""이 기분으로 더 열심히 대한민국을 세일즈하겠다""고 다짐했다.체코에서의 일정을 마친 한 총리는 다음 순방국인 폴란드로 이동할 예정이다.K뷰티 박람회를 방문한 한덕수 국무총리(총리실 제공)/",윤수희 기자 (ysh@news1.kr)
연합뉴스,"김기현, 국회서 교원단체와 간담회…교권회복 방안 논의",2023.09.13. 오전 5:00,"국민의힘 김기현 대표[연합뉴스 자료사진](서울=연합뉴스) 김철선 기자 = 국민의힘 김기현 당 대표는 13일 오전 국회에서 교원단체들을 만나 교권 회복 및 강화 방안을 논의한다.    이날 간담회에는 김 대표를 비롯해 국회 교육위(이태규)·법사위(정점식)·행안위(이만희) 국민의힘 간사 등이 참석, 교권 강화를 위한 상임위별 당 차원의 입법 추진 계획을 설명할 예정이다.    한국교원단체총연합회와 교사노동조합연맹, 전국교직원노동조합, 새로운학교네트워크 등 국내 교원단체 대표자들도 간담회에 자리한다.    당정은 전날 당정협의회에서 '교권 4법'(초·중등교육법·유아교육법·교원지위법·교육기본법 개정안) 신속처리와 아동학대처벌법 및 경찰청 수사지침 개정 등을 통해 교사들의 정당한 교육활동에 대한 보호를 강화하겠다고 밝힌 바 있다.    kcs@yna.co.kr",김철선(kcs@yna.co.kr)
KBS,국제유가·환율 상승 영향…8월 수출입물가 동반 상승,2023.09.13. 오전 7:46,"국제 유가가 오름세를 보이고 있는 가운데 지난달 수출입 물가가 모두 큰 폭으로 올랐습니다.  한국은행이 오늘(13일) 발표한 수출입물가지수 통계를 보면 8월 기준 수입물가지수(원화 기준)는 135.96으로 7월(130.21)보다 4.4% 올랐습니다.  이는 지난해 3월 기록한 7.6% 이후 최고 증가 폭으로, 수입물가는 지난 7월 상승 전환한 뒤 두 달 연속 올랐습니다.  원재료는 광산품(7.9%)을 중심으로 7.2% 올랐고, 중간재는 석탄 및 석유제품(13.7%)과 화학제품(1.8%) 등이 오르며 전달 대비 3.7% 상승했습니다.  자본재와 소비재도 각각 전달 대비 1.6%, 1.9% 올랐습니다. 국제유가는 두바이유 기준으로 7월 80.45달러에서 지난달 86.46달러까지 7.5% 올랐습니다.  환율 영향을 제외한 계약통화기준 수입물가는 한 달 전보다 2.2% 올랐습니다. 8월 기준 수출물가지수(원화 기준)는 117.52로 7월(112.81)보다 4.2% 상승했습니다.  수출물가 역시 지난해 2월 6.2% 이후 가장 큰 폭으로 상승했습니다.  원/달러 환율이 오른 가운데 국제 유가 상승 및 수요 증가 등으로 석탄 및 석유 제품(15.4%)과 화학 제품(3.9%) 등 공산품이 4.2% 상승하며 수출 물가를 끌어올렸습니다.  농림수산품은 전달 대비 1.0% 하락했습니다. 지난달 원/달러 평균 환율은 1,318원대로 전달(1,286원대)보다 2.5% 상승했습니다.  환율 영향을 제외한 계약통화 기준 수출물가지수는 한 달 전보다 1.9% 오른 것으로 나타났습니다.  유성욱 한은 경제통계국 물가통계팀장은 ""수출입물가는 주요 산유국의 감산에 따른 국제유가 상승에 영향을 받았다""며 ""통상 수입물가는 1~3개월 시차를 두고 소비자물가에 영향을 미칠 수 있지만 정부의 물가 안정 정책이나 원재료 가격 상승분에 대한 기업의 전가 폭에 따라 달라지는 만큼 예단은 어렵다""고 설명했습니다.  1년 전 같은 달과 비교하면 8월 수출물가는 7.9%, 수입물가는 9.0% 각각 하락한 것으로 나타났습니다.[사진 출처 : 연합뉴스 / 한국은행 제공]■ 제보하기▷ 전화 : 02-781-1234, 4444▷ 이메일 : kbs1234@kbs.co.kr▷ 카카오톡 : 'KBS제보' 검색, 채널 추가▷ 네이버, 유튜브에서 KBS뉴스를 구독해주세요!",손서영 (bellesy@kbs.co.kr)
YTN,취업자 증가 두 달째 20만 명대...제조업 8개월 연속 감소,2023.09.13. 오전 8:49,"			취업자 증가 폭이 두 달째 20만 명대를 기록한 가운데 제조업 취업자는 8개월 연속으로 감소했습니다.통계청은 지난달 취업자 수는 2천 867만 8천 명으로 1년 전 같은 달보다 26만 8천 명 증가했다고 밝혔습니다.이는 7월 21만 천 명 증가에 이어 두 달째 취업자 증가 폭이 20만 명대를 기록한 겁니다.취업자는 지난 4월 이후 석 달 연속으로 30만 명대 증가세를 보였습니다.업종별로는 보건사회복지서비스업이 13만 8천 명, 숙박·음식업이 12만 천 명 증가한 반면, 도·소매업과 제조업은 각각 6만 9천 명이 감소했습니다.특히 제조업은 올 들어 8개월 연속으로 취업자 수가 감소했습니다.연령대별로는 60세 이상에서 30만 4천 명 증가했지만, 20대는 9만 천 명, 40대는 6만 9천 명이 각각 줄었습니다.※ '당신의 제보가 뉴스가 됩니다'[카카오톡] YTN 검색해 채널 추가[전화] 02-398-8585[메일] social@ytn.co.kr		",오인석(insukoh@ytn.co.kr)
헤럴드경제,‘국민 스트레스’ 층간소음 이대로 둘건가 [이슈&뷰],2023.09.13. 오전 11:38,"환경부, 민원 1~7월 2.3만건 접수강력범죄 비율 3년 새 2배 육박소음 저감매트 지원은 단 1건뿐#. 서울 송파구에 사는 70대 A씨는 층간소음으로 윗층과 갈등의 골이 깊다. 윗층에 사는 B씨와 그 가족들에게 수차례 층간소음 민원을 제기했지만 바뀌지 않는다. 이에 지난해 3월부터 9월까지 6개월간 총 7차례에 걸쳐 자신의 집에서 B씨에게 들리도록 ‘몇번 얘기하냐. 조용히 해 이 XX야’, ‘이XX야 너만 혼자 살아’ 등의 욕설을 했다. 또 10차례 넘게 인터폰으로 전화를 걸었다가 B씨가 받으면 끊어버리고 ‘조용히 하세요’라고 말했다. B씨의 집 앞 현관문을 두드리고 B씨 집 부근을 서성이며 그를 지켜보기도 했다. 결국 A씨는 스토킹범죄의 처벌등에 관한 법률 위반 혐의로 기소됐고 최근 1심에서 벌금 500만원에 구류 20일을 선고 받았다.#. C씨는 매일 불안감에 밤잠을 설친다. 자라나는 아이들이 층간소음으로 인해 고통받고 있기 때문이다. 아랫집 D씨는 “이불 펴는 소리가 천둥소리 같이 들린다”, “방문 닫는 소리가 너무 크다”는 등 1년 넘게 A씨와 층간소음을 문제로 갈등을 빚어왔다. C씨는 층간소음을 예방하기 위해 소음 방지 슬리퍼는 물론 집안 곳곳에 소음 방지 패드까지 부착했지만, 소용없었다. 결국 지난해 9월 C씨의 주거지를 무단 침입한 D씨는 욕설과 함께 14살 된 자녀 2명을 폭행했다. 무단 침입 등의 혐의로 경찰에 넘겨진 D씨는 이후 검찰에 송치, 최근 법원으로부터 벌금 50만원의 약식 명령 처분을 받았다. ▶관련기사 4·31면층간소음으로 인한 사회적 갈등이 좀처럼 해법을 찾지 못하고 있다. 이웃 간 소음 문제가 강력범죄로까지 이어지는 등 층간소음은 이미 고질적인 사회 문제로 비화된 상태다. 이에 정부는 여러가지 대책을 내놓고 있지만 근본적인 해법을 찾지 못하는 모습이다. 13일 환경부 ‘층간소음이웃사이센터’에 따르면 올해 7월까지 전화와 온라인을 통해 접수된 층간소음 민원은 2만 3693건에 이른다. 한달 평균 3384건이다.층간소음은 원래 있었지만, 갈등이 심해진건 2010년대 이후다. 2012년 8795건에 불과하던 민원은 코로나19가 한창이던 2021년 4만 6596건까지 늘었다. 불과 10년 사이 5배 가까이 늘어난 것이다.이뿐만이 아니다. 층간소음으로 인한 강력범죄도 크게 늘었다. 국가소음정보시스템 자료에 따르면 2018년 60건이던 층간소음 강력범죄는 2021년 110건으로 2배 늘어난 것으로 확인됐다. 국민 88%가 층간소음으로 스트레스를 느껴봤다는 국민권익위원회 설문조사 결과도 있다.사태의 심각성을 파악한 정부도 갖가지 대책을 내놓고 있다.지난해 8월 원희룡 국토교통부 장관은 ‘공동주택 층간소음 개선 방안’을 발표하며 “국민들의 층간소음 고통에 깊이 공감하며, 내 집에서 눈치보지 않고, 발 뻗고 주무실 수 있도록 전방위적 지원과 노력을 통해 층간소음 걱정을 확실히 덜어드릴 것”이라 약속하기도 했다.그러면서 ▷저소득층에 무이자로 소음저감매트 설치 지원 ▷층간소음관리위원회 의무화 ▷사후확인 결과 공개 ▷층간소음 우수기업 인센티브 확대 등을 발표하기도 했다. 또 올해 7월에는 층간소음 문제 해소를 위한 산·학·연·관 협의체를 출범했고, 공공주택 바닥 두께 상향과 시범단지 실증 연구 등 LH의 층간소음 저감 노력과 성과 등을 공유하기도 했다.하지만 이같은 정책들은 구호에 그치고 있는 게 현실이다. 실제 국토교통부가 국회 국토교통위원회 소속 더불어민주당 조오섭 의원에게 제출한 자료에 따르면 올해 들어 8월 말까지 층간소음 매트는 경기도에 단 1건(230만원)만 지원됐다. 국토부는 구입 및 설치 비용을 1%대 저리로 최대 300만원까지 융자 지원하고, 저소득층을 대상으로는 무이자로 설치비를 빌려주기로 했었다. 국토부는 연 5000건의 지원을 예상하고 150억원의 예산을 편성한 바 있다.이에 정부가 보다 근본적인 대책마련에 나서야 할때라는 지적이 이어진다.한국주택협회 박종혁 팀장은 “대형건설사 중심의 기술개발 노력만으로 층간소음 해결에 한계가 있으므로, 정부 주도의 R&D 사업으로 우수기술을 개발해 보급할 필요가 있다”면서 “아파트 구조상 층간소음의 완벽한 차단은 어렵기 때문에 단지 내 층간소음위원회의 분쟁조정 기능을 강화하고, 반복된 층간소음 유발 시 처벌규정을 검토할 필요가 있다”고 지적했다. 서영상 기자",서영상 sang@heraldcorp.com
헤럴드경제,"SK에코플랜트, 로봇 활용 의료폐기물 운반",2023.09.13. 오전 11:26,"두산로보틱스와 협업...내년 적용SK에코플랜트가 자사 의료폐기물 사업장에서 로봇을 활용해 의료폐기물 포장 용기 상차업무 실증을 진행하는 모습 [SK에코플랜트 제공]SK에코플랜트는 최근 충남에 있는 자사 의료폐기물 소각장에서 로봇으로 폐기물 상차 과정의 자동화 실증을 성공적으로 마쳤다고 13일 밝혔다.SK에코플랜트는 의료폐기물 소각 사업장 근로자의 안전성 확보 및 소각 처리 효율화를 목표로 로봇 기반의 디지털 자동화 로드맵을 수립해 진행해왔다. 첫 단계로 상차 업무의 로봇 기반 자동화를 위해 지난 5월부터 두산로보틱스와 자사 의료폐기물 소각장에서 실증사업에 착수했다.의료폐기물은 의료기관 및 시험·검사기관 등에서 배출된 폐기물 중 인체에 감염을 유발할 우려가 있는 것으로 별도 처리장에서 소각을 통해 처리한다. 대부분 사람이 직접 옮기는 특성상 작업 과정에서 근로자들의 2차 세균감염 위험 및 근골격계 부상 위험에 노출되기 쉽다. .국내 의료폐기물 상차 자동화 실증 사례는 이번이 처음으로 실증에는 두산로보틱스의 협동로봇을 사용했다. 한번에 20kg을 들어 올릴 수 있으며 카메라를 통한 시각적 정보를 바탕으로 스스로 사물을 인식하는 3D 비전 기술을 접목해 로봇이 스스로 규격화된 의료폐기물 상자를 인식하고 운반할 수 있도록 했다. 실증 결과, 입고되는 폐기물 주요 포장 용기 9종을 대상으로 로봇이 자동으로 분류하는 데 성공했고 작업자 1명이 시간당 약 700kg을 처리하던 폐기물을 로봇이 시간당 900kg을 처리할 수 있었다.처리하는 용량의 차이보다 근로자 안전을 높일 수 있는 기술을 확인했다는 점이 이번 실증으로 얻은 가장 큰 의미라고 SK에코플랜트 관계자는 설명했다.SK에코플랜트는 실증결과를 오는 2024년 실제 적용 계획이다. 적용 시 상차 업무의 80% 수준을 로봇이 수행할 수 있을 것으로 기대하고 있다. ‘폐기물 종류별 투입 자동 안내 시스템’, ‘로봇을 통한 하차 및 분류 자동화’ 등 설계도 진행할 계획이다.신혜원 기자",신혜원 hwshin@heraldcorp.com
뉴시스,신산업도 산단 입주·노후산단 고도화…개정안 이달 국회 제출,2023.09.13. 오전 11:01,"산업집적활성화·공장설립 시행령, 12월 시행산단 관리지침 개정안 14일 입법 행정예고[세종=뉴시스]이승주 기자 = 앞으로 신산업이 표준산업 분류 상 업종을 구분하지 못해 산업단지 입주가 지연되거나 거부되는 사례가 사라질 전망이다. 노후 산업단지의 구조는 고도화되고 업종특례 지구 제도도 활성화될 것으로 기대된다.13일 산업통상자원부에 따르면 이 같은 개선 내용을 담은 '산업집적활성화 및 공장설립에 관한 법률 시행령', '산업단지 관리지침' 개정안이 오는 14일 입법 행정예고된다. 시행령은 12월부터, 고시는 다음달부터 시행된다.주요 내용은 한국산업단지공단에 업종 판단 심의기구를 설치하고 신산업 관련 신속하게 업종판단을 하도록 기업의 신속한 투자 결정을 지원하는 것을 골자로 한다. 구조고도화 사업 개발이익 재투자와 관련해 개발이익 산정방식을 '총수익과 총사업비 차액' 대신 '지가차액'으로 단순화하고 개발이익 납부 방식도 '일시납'에서 '3년 연기나 5년 분할납부'로 변경하는 등 투자자 중심으로 변경한다. 업종트례지구 제도활성화를 위해 토지소유자의 동의 요건을 4분의 3에서 3분의 2로 낮추고, 국가 산단에 대한 최소면적 요건을 15만㎡에서 10만㎡ 이상으로 완화할 계획이다.산업부 관계자는 ""이번 개정안은 지난 24일에 발표된 '산업단지 입지 킬러규제 혁파방안'의 조속한 이행을 위해 시행령과 관리지침을 개정하는 것""이라며 ""개정사항은 이달 중 정기국회에 제출할 예정""이라고 말했다. ",이승주 기자(joo47@newsis.com)
연합뉴스,주목 받는 '저출산 대책·국내 공장 강화'…현대차 잠정합의안,2023.09.12. 오후 9:54,"셋째 이상 출산시 500만원 지원하는 출산 축하금, 유아교육비, 단축근로 지원컨버터블 등 고급 모델 소량 생산 위한 '다기능 다목적 생산공장' 추진현대차 저출산/육아지원 노사 TFT 간담회(서울=연합뉴스) 9일 전북 완주 현대차 전주공장에서 열린 '현대차 저출산/육아지원 노사 TFT 간담회'를 마치고 정기환 기술 기사의 가족이 현대차 노사 관계자들과 기념 촬영하고 있다. 2023.8.9 [현대차·기아 제공. 재판매 및 DB 금지] photo@yna.co.kr(울산=연합뉴스) 김근주 기자 = 현대자동차 노사가 올해 임금 및 단체협약 잠정합의안에 저출산 대책과 모델 생산공장 구축 등을 담아 눈길을 끈다.    현대차 노사는 12일 교섭에 올해 잠정합의안을 만들었다.    기본급 11만1천원 인상 등 임금 인상 규모가 핵심이지만, 저출산 등 사회 문제 대책과 국내 공장 체질 개선 방안 등도 담았다.    국내 공장 강화를 위해 노사가 대표적으로 합의한 것이 '하이퍼 캐스팅' 적용이다.    하이퍼 캐스팅은 첨단 신기술 제조 방식이다.    기존 로봇을 이용해 여러 개의 철판을 용접하는 방식이 아닌 대형 다이캐스팅(Die-Casting·주조) 장비를 활용하는 것이다.    알루미늄을 큰 틀(Die)에 넣고 강한 압력을 가해 차체를 통째로 제작하는 방식이다.    미국 테슬라가 미국, 중국, 독일 등 공장에서 '기가 캐스팅'이라는 이름으로 이 기술을 활용하고 있다.    현대차는 전동화 전환과 차체 경량화를 위해 알루미늄 보디를 확대 적용키로 했는데, 이를 위해 필요한 것이 다이캐스팅 기술 적용이다.현대차 팰리세이드 생산라인[현대차 제공. 재판매 및 DB 금지]    노사는 이를 위해 기존 엔진, 변속기 공장 유휴 부지 등 적정 부지를 검토해 올해 말까지 부지를 확정하고 내년 착공, 2026년부터 양산에 적용하는 것을 목표로 세웠다.    노사는 고급 모델 등 다양한 차종 생산 위한 '다기능 다목적 생산공장'도 추진한다.    이 새로운 공장을 통해 기존 생산라인에서 만들 수 없었던 컨버터블 등 고급 모델이나 리미티드 에디션, 신개념 실증 모델 등 특수 차량을 소량 생산할 방침이다.    이런 방향은 전동화 전환에 따라 도태될 수 있는 내연기관 동력장치 부문 등 유휴 부지와 설비를 미래 첨단 신기술 공장과 설비로 전환하는데 노사가 합의한 것으로 풀이된다.    미래 모빌리티 기술 고도화 등 제조 생태계 변화에 선제적으로 대응하자는데 노사가 의견을 모은 것이다.    또 올해 교섭에선 사회적 난제인 저출산 심각성에 노사가 공감하고 이를 해결하기 위한 직원 지원 대책을 만들었다.    난임 유급 휴가를 기존 3일에서 5일(유급)로 확대했으며 난임 시술비(시술 1회당 실비 100만원)를 무제한 지원하기로 한 것이다.현대차 노사, 2023년 임단협 상견례(울산=연합뉴스) 현대차 노사가 13일 울산공장 본관 동행룸에서 교섭대표 70여 명이 참석한 가운데 임단협 상견례를 열고 있다. 2023.6.13 [현대차 제공. 재판매 및 DB 금지] canto@yna.co.kr    아울러 출산축하금을 대폭 확대해 첫째 300만원, 둘째 400만원, 셋째 이상 500만원을 지원하기로 하고, '엄마, 아빠 바우처' 제도도 신설해 직원 자녀가 첫돌을 맞으면 첫째 50만원, 둘째 100만원, 셋째 이상 150만원을 지급하기로 했다.    교육비 부담을 줄이기 위해 유아 교육비를 만 4세부터 5세까지 2년간 총 240만원 지원키로 했다.    육아 휴직 2년을 보장하고 추가로 단축 근로 1년을 더 지원한다.    또 단축 근로 시 임금이 줄어드는 것을 막고자 보조금을 최대 월 40만원씩 지급할 예정이다.    생애 첫 등교를 축하하기 위해 자녀가 만 6세가 되는 해 첫째 50만원, 둘째 100만원, 셋째 이상 150만원 바우처를 지급한다.    노사는 ""'일과 가정의 양립'이라는 시대적 트렌드를 반영한 제도 마련과 생애 주기별 지원 방안 등 저출산 문제를 해결하기 위해 지속해서 논의하기로 했다""고 밝혔다.    canto@yna.co.kr",김근주(canto@yna.co.kr)
매일경제,김기문 “규제개혁이 가장 효율적인 경기부양책...여야 킬러규제 혁신 나서야”,2023.09.13. 오후 1:12,"‘2023 리더스포럼 기자간담회’서 밝혀외국인근로자 쿼터 제도 폐지 등 촉구 김기문 중소기업중앙회 회장이 13일 롯데호텔 제주에서 열린 ‘2023 리더스포럼’ 기자간담회에서 발언하고 있다. <사진제공-=중기중앙회>“규제개혁은 정부가 예산 한 푼 안들이고 경기를 부양하고 기업 경쟁력을 끌어올릴 수 있는 가장 효율적 방법입니다.”김기문 중소기업중앙회 회장이 13일 롯데호텔 제주에서 열린 ‘2023 리더스포럼’ 기자간담회에서 “마지막 정기국회가 시작된 만큼 여야가 힘을 모아 킬러규제 혁신에 나서달라”며 이같이 밝혔다.이날 중기중앙회는 지난달 28일부터 이달 6일까지 중소기업 300개를 상대로 실시한 ‘제21대 마지막 정기국회 입법과제 의견조사’ 결과를 발표했다.중소기업인들은 올해 반드시 통과돼야 할 입법과제(복수 응답)로 근로시간 유연화(58.3%)를 가장 많이 꼽았다. 이어 중대재해처벌법 개선(54.3%), 기업승계 활성화(45.7%), 외국인 근로자 제도 개선(43.7%) 등 순이었다.특히 제21대 국회의 입법 활동에 만족한다는 응답은 58%, 만족하지 않는다는 응답은 42%였고, 불만족의 주된 이유로 정쟁과 파행 거듭(35.7%), 민생입법 외면(26.2%) 등이 꼽혔다. 중기중앙회에 따르면 중소기업계 건의가 입법에 반영되는 비율은 21대 국회 개원 첫해인 2020년 41.8%에서 2021년 32.8%, 지난해 26.2%, 올해 8.1%(8월 기준)로 하락추세다. 김 회장은 “규제개혁의 90%는 정부가 시행령을 고쳐 할 수 있지만 10%는 입법사항으로 국회가 작동되지 않으면 효과가 나지 않는다”며 “규제개혁은 여당만 해서는 안 되고 여야가 힘을 모아야 한다. 마지막 국회에서 제대로 입법이 됐으면 한다”고 강조했다.김 회장은 우선 외국인근로자 쿼터 제도 폐지를 촉구했다. 그는 “외국인근로자 쿼터는 내국인을 사용하는 회사에 외국인을 배당하는 것인데, 지금은 중소기업이 내국인 구인광고를 내도 오는 사람이 없다”며 “고용노동부 장관에게도 몇차례 이야기했고 고용노동부도 공감해 조만간 결과 나올 것으로 기대하고 있다”고 설명했다. 김 회장은 이어 “외국인근로자가 사업장 변경제도를 악용하지 않도록 일정 기간 사업장 변경을 금지하고 사업장 변경 횟수도 기존 1년 내 5회에서 3회로 축소해야 한다”고 주문했다.내년 1월 27일부터 50인 미만 사업장에 중대재해처벌법이 적용되는 것과 관련해서는 2년 이상 유예 기간을 연장할 것을 촉구했다. 아울러 화학물질등록평가법(화평법)·화학물질관리법(화관법)의 신규 화학물질 등록기준을 연간 0.1t에서 1t으로 상향 조정할 것 등을 요청했다.최근 고금리로 중소기업이 부담을 느끼는 상황에 대해서는 정부가 정책자금 이차보전에 적극 나서야 한다고 촉구했다. 김 회장은 “기업이 현재 대출 만기 연장으로 연명하고 있지만 자금을 회수할 때가 되면 한순간 부실로 돌아갈 수 있다”면서 “은행권의 잠재 부실률 문제도 있어서 대안으로 이차보전이 확대됐으면 한다”고 전했다.",양연호 기자(yeonho8902@mk.co.kr)
뉴스1,"""탄소 배출권거래제 가격 급락…이월 제한 조치 완화해야""",2023.09.13. 오전 6:00,"대한상의 보고서우태희 대한상공회의소 상근부회장ⓒ News1 임세영 기자(서울=뉴스1) 김종윤 기자 = 탄소배출권 거래 가격이 급락하자 이월 제한 조치를 완화해야 한다는 주장이 제기됐다. 이월이 불가능한 배출권이 시장에 과도하게 풀리는 현상을 막는다면 가격 하락을 막을 수 있어서다. 13일 대한상공회의소 '국내 온실가스 배출권거래제 가격 동향과 정책과제' 보고서에 따르면 국내 배출권거래제 가격은 지난 2020년 4만2500원에서 올해 7월 7020원으로 급락했다. 우리나라는 지난 2015년부터 온실가스 배출권거래제를 시행하고 있다. 기업은 정부에서 할당받은 온실가스 배출권이 남거나 부족하면 팔거나 살 수 있다. 현행 배출권거래제에선 배출권 순매도량의 2배까지만 다음해에 이월할 수 있다. 내년부턴 순매도량만큼만 이월하게 된다. 대한상의는 지난 2019년 이전 기준(배출권 순매도량의 3배)을 참고해 배출권 이월 제한을 완화해 시장 안정화에 나서야 한다고 주장했다. 기업들이 이월하지 못하는 배출권이  시장에 대량으로 풀려 가격 하방 압력을 부추길 수 있어서다. 배출권의 수요와 가격 급등 가능성에 대비할 수 있는 제도 도입의 필요성도 제기했다. 국내와 달리 미국과 EU는 배출권 가격 또는 물량 기준을 사전에 제시해 배출권 가격의 안정화에 나서고 있다. 우태희 대한상의 상근부회장은 ""배출권 가격이 시장 흐름에 따라 예측할 수 있게 해야 한다""며 ""시장 안정화 방안이 조속히 마련돼야 할 것""이라고 말했다.		",김종윤 기자 (passionkjy@news1.kr)
연합뉴스,"중기부, 중소기업 지원사업정보 통합제공하는 '왔다' 앱 출시",2023.09.13. 오후 12:00,"왔다 앱 시연하는 이영 중기부 장관[중소벤처기업부 제공, 재판매 및 DB 금지](서울=연합뉴스) 차민지 기자 = 중소벤처기업부는 오는 14일 중소벤처기업·소상공인들이 지원사업 정보를 언제 어디서나 쉽게 모바일에서 확인할 수 있는 '왔다' 앱 서비스를 시작한다고 13일 밝혔다.     금융, 기술, 인력, 수출, 창업 등 분야별 사업공고 조회가 가능하며, 최근 2주간의 지원사업도 달력 형태로 알림서비스 할 예정이다.     동행축제, 복수의결권 제도, 납품대금 연동제 등 중기부 정책정보도 주기적으로 알려준다.    이영 중기부 장관은 ""'왔다' 앱 서비스를 통해 더 많은 중소벤처기업·소상공인들이 지원사업 정보를 쉽게 확인해 활용 기회를 놓치는 일이 없도록 도움을 줄 것""이라고 말했다.     chacha@yna.co.kr",차민지(chacha@yna.co.kr)
아이뉴스24,"안철수 의원실, 국민연금 개혁 세미나 개최",2023.09.12. 오후 3:14,"인재근·조정훈 의원 공동 주최각계 연금개혁 전문가와 청년들이 모여 국민연금의 개혁을 논의할 수 있는 자리가 마련된다.안철수 의원 등이 주최한 국민연금 개혁 세미나가 오는 13일 오전 국회의원회관에서 진행된다. [사진=안철수 의원실]12일 국회에 따르면 '연금개혁, 어떻게해야 성공하나? - 세대간 상생과 청년의 외침' 세미나가 오는 13일 오전 10시 서울 여의도 국회의원회관 제2소회의실에서 개최된다.이번 세미나는 안철수 국민의힘 의원, 인재근 더불어민주당 의원, 조정훈 시대전환 의원이 공동 주최하고, 연금연구회가 주관한다.세미나는 박명호 홍익대학교 교수의 사회로 진행되며 1부 발제발표와 2부 종합토론으로 이뤄진다. 1부에선 이근면 전 인사혁신처장이 좌장을 맡고 김신영 한양사이버대 교수, 김태일 고려대 교수, 전영준 한양대 교수가 발제에 나선다.2부 종합토론은 박정수 이화여대 교수를 좌장으로 신성식 중앙일보 보건복지 전문기자, 이창곤 한겨레 선임기자·논설위원, 김영순 서울과기대 교수, 박주하 서강학보 (전)기자, 김주영 경북대신문 편집국장, 김민경 숙대신문 기자, 김설 청년유니온위원장이 참석한다.",오경선 기자 seono@inews24.com
서울신문,‘배우자 주식 처분 불복’ 유병호 패소…법원 “직무 관련 있어”,2023.09.12. 오후 6:08,"주식 보유 기업은 감사원 감사 기업 해당사적 이해관계·공적 이해관계 충돌시 후자 우선유병호 감사원 사무총장이 지난 6월 서울 여의도 국회에서 열린 제407회국회 법제사법위원회 제2차 전체회의에 참석해 자리에 앉아 있다. 오장환 기자유병호 감사원 사무총장이 배우자 소유의 바이오회사 주식(8억 2000만원)을 처분하라는 정부 결정에 불복해 소송을 냈지만 1심에서 졌다. 법원은 “공직자윤리법상 직무 관련성이 있다”고 봤다. 법원은 또 현직 공직자가 재임 중 자기 재산의 관리·처분을 제3자에게 맡기도록 한 백지신탁 제도가 위헌이라는 유 사무총장 주장도 받아들이지 않았다.서울행정법원 행정8부(부장 이정희)는 12일 유 사무총장이 주식백지신탁심사위원회를 상대로 “직무 관련성 인정 결정 처분을 취소해달라”며 제기한 소송에서 정부 손을 들어줬다. 본인의 직무와 무관하게 배우자가 관련 기업에 오랜 기간 근무·공헌하며 취득한 주식을 강제매각 또는 신탁하는 것은 재산권 침해라는 유 사무총장의 주장을 받아들이지 않은 것이다.유 사무총장은 지난해 9월 고위공직자 재산신고 당시 자신과 배우자, 자녀가 보유한 주식을 신고하고 주식백지신탁심사위원회에 직무 관련성 심사를 청구했다. 이때 문제 된 게 유 사무총장 배우자의 보유 주식 중 바이오회사 지분이었다. 신고 당시 주식백지신탁심사위원회는 해당 바이오 주식이 이해충돌 소지가 있으니 매각(백지신탁)하라는 결정을 내렸고, 유 사무총장은 이에 불복해 행정소송을 냈다.재판부는 “배우자가 주식을 보유한 해당 기업은 감사원의 ‘선택적 회계감사 기업’에 해당한다”며 “감사원법에서 정한 사무총장의 권한과 업무 범위에 비춰볼 때 공직자윤리법상 직무 관련성이 인정된다”고 판단했다.또 “공무원은 국민 전체에 대한 봉사자로서 자신의 사적 이해관계와 국민의 공적 이해관계가 충돌할 때 당연히 후자에 우선해 이해충돌을 회피하고 직무에 전념할 의무가 있다”면서 “공무원 개인의 양심에만 맡길 게 아니라 국가가 제도적으로 보장할 필요가 있는 점을 고려하면 피고에 대한 처분이 위법하지 않다”고 봤다.아울러 공직자의 배우자 등 이해관계자의 주식백지신탁 의무를 규정한 공직자윤리법 제14조의 4에 대한 유 사무총장 측의 위헌법률심판 제청 신청도 법원은 받아들이지 않았다. 재판부는 “해당 조항은 주식을 보유한 사람이 공무원 되는 것 자체를 배제하는 것이 아니다”라면서 “직무 관련성이 있는 주식을 보유하는 것은 공정한 직무집행을 방해할 우려가 있기에 주식을 매각 또는 신탁한 뒤 공직에 나설 것을 요구하는 것”이라고 설명했다.이번 결정은 다른 고위 공직자들의 백지신탁 불복 소송에도 영향을 끼칠 것으로 보인다. 박성근 국무총리 비서실장은 건설사 사내이사인 배우자의 46억원대 회사 주식을 백지신탁하라는 정부 결정에 불복해 지난달 16일 행정소송을 제기한 상태다.		",백서연 기자
연합뉴스,"경기도, 15일 수원서 '청년국제포럼' 개최",2023.09.13. 오전 10:35,"			(의정부=연합뉴스) 우영식 기자 = 경기도는 15일 수원 복합문화공간 111CM에서 '청년국제포럼'을 개최한다고 13일 밝혔다.청년국제포럼 포스터[경기도 제공. 재판매 및 DB 금지]    포럼에는 10개국 30여 명의 청년들이 참가한다.    포럼에서는 '평화의 기회, 청년연대의 힘으로'라는 주제로 각국 청년들의 시각에서 동아시아의 평화와 더 나은 미래를 향한 국제청년연대의 방향과 역할에 대해 논의한다.    포럼은 우리말과 영어로 동시 통역되며 유튜브 오마이TV에서 생중계한다.    포럼 다음 날인 16일에는 특별 프로그램으로 해외 청년들과 경기청년피스리더들이 김포 애기봉 생태평화공원을 견학하고 비무장지대(DMZ) 등 평화문화지역 현장을 답사한다.    경기도 관계자는 ""청년들의 국제교류는 경기도의 '더 큰 평화'를 이루기 위한 청년들의 지속 가능한 평화 네트워크 구축과 국제적 연대를 도모하는 중요한 시작점이 될 것""이라고 말했다.    wyshik@yna.co.kr",우영식(wyshik@yna.co.kr)
매일경제,구토·두통 부작용 있는 마취크림 밀수...수입 7배 가격에 문신숍 유통,2023.09.13. 오전 10:51,"태국서 1만5천점 들여온 일당 검거마취효과 5배 강하지만 독성도 5배  피부변색등 부작용 유발물질도 포함 부작용을 유발할 수 있는 문신용 마취크림 [부산세관]구토와 두통 등 부작용을 유발할 수 있는 불법 마취 크림 등 1만점이 넘는 문신용품을 밀수입한 일당이 세관에 검거됐다.부산본부세관은 관세법·약사법·의료기기법 위반 혐의로 A씨(30대) 등 8명을 검거했다고 13일 밝혔다. A씨 등은 지난 7월 태국에서 마취 크림·바늘 등 문신용품 1만5081점(시가 7400만원 상당)을 국내에 들여오면서 샴푸나 비누 등 자신이 사용하는 물건인 것처럼 위장해 약사법·의료기기법 등에서 정한 수입 요건 절차를 회피한 혐의를 받고 있다.A씨 등은 밀수한 마취 크림이 식품의약안전처의 허가나 미국식품의약국(FDA)의 승인을 받은 제품인 것처럼 거짓으로 홍보하며 전국의 문신 숍을 상대로 유통한 것으로 알려졌다. 이들은 밀수입 가격 기준 2246원인 제품을 7배인 1만5000원 등으로 판매하며 부당이득을 챙긴 것으로 확인됐다.식품의약품안전평가원이 이 마취 크림을 분석한 결과 정식으로 식약처 허가를 받은 제품과 비교해 마취성분 함량이 1.5 배로 기준치를 초과한 것으로 확인됐다. 특히 부작용을 유발할 수 있어 식약처 허가 제품에서는 사용하지 않는 ‘테트라카인’이라는 성분도 태국산 마취 크림에서 확인됐다. 부산세관이 압수한 문신용 마취크림과 문신용 바늘 [부산세관]테트라카인은 극소량으로도 피부 변색, 부종, 구토, 두통 등 중추 신경계 부작용을 유발할 수 있는 물질로 알려졌다. 세관 관계자는 “데트라카인은 리도카인 등 다른 성분에 비해 마취 효과가 5배 강하지만 독성도 5배 강해 부작용 우려가 크다”고 설명했다.",박동민 기자(pdm2000@mk.co.kr)
머니투데이,"삭발에 단식까지…전북도의회, '새만금 예산 삭감' 반발",2023.09.13. 오후 12:14,"[지방의회NOW]정부, ""새만금 입주기업에 필요한 사업은 그대로 지원""▲한병도 더불어민주당 전북도당위원장과 도의원들이 12일 세종시 정부세종청사 기획재정부 앞에서 전북 새만금 SOC예산 대폭 삭감에 항의하며 삭발하고 있다./사진=뉴시스전북도의회가 내년도 새만금 SOC 예산이 삭감된 것에 대해 강하게 반발하고 있다. 도의회 새만금 SOC 예산 정상화 및 잼버리 진실규명 대응단과 한병도 민주당 의원은 지난 12일 기획재정부 세종청사 앞에서 새만금 SOC 예산삭감을 규탄하며 삭발식을 단행했다.진실규명 대응단은 이 자리에서 ""새만금 잼버리 책임이 여가부에 있고 새만금은 역대 대통령 공약사업인데도 정부는 잼버리 파행 책임을 전북에 전가해 예산 폭력을 자행하고 있다""며 ""새만금 국제공항도 사업자 선정을 무기한 연기하고 새만금 SOC 적정성 재검토로 새만금 이차전지 특화단지와 대규모 투자유치에 차질이 불가피하다""고 말했다.이어 ""세계잼버리 파행 책임에 대한 국정조사와 여가부 장관 해임, 새만금 SOC 예산 전북도 요구액 7941억원 즉각 복원과 기존에 추진하던 SOC 건설공사를 정상적으로 추진하라""고 촉구했다. 지난 7일에는 민주당 전북도당 의원들과 전북단체가 상경해 국회 앞에서 규탄대회를 가졌다. 당시 김성주 의원 등 전북 지역구 의원과 지역위원장 8명이 삭발에 동참했다. 12일 진행된 삭발식까지 합치면 삭발에 동참한 전북도의원은 30여명이다.도의회는 지난 8일부터 릴레이 단식 농성도 시작한 바 있다. 의회는 국가예산 법정 통과 시점인 오는 12월2일까지 단식을 이어가겠다고 밝혔다.한편, 새만금 지역의 내년 SOC에 투입될 국가 예산이 당초 국토부가 요청한 금액에서 4분의 3 넘게 대폭 깎였다. 새만금 기본계획에 반영된 주요 SOC 10개 사업의 부처 반영액은 6626억 원이었는데, 이번에 기획재정부 예산 심사 과정을 거치며 5147억 원(77.7%)이 삭감돼 1479억 원만 반영됐다.한덕수 국무총리는 지난 5일 국회에서 열린 정치 분야 대정부질문에서 예산이 삭감된 것에 대해 ""긴축 예산을 수립하는 과정에서 SOC예산이 삭감된 결과가 나왔다고 생각한다""며 ""새만금 입주기업 등에 필요한 사업은 그대로 지원해 나가겠다""고 말했다.",홍세미 기자 (semi4094@mt.co.kr)
조선일보,“대전 교사 가해 학부모 맞지?” 엉뚱한 김밥집 저격해 별점 테러,2023.09.13. 오전 9:21,대전 교사 사건과 관련 지난 12일 오후 가해자로 지목된  학부모가 대전 유성구에서 운영 중인 가게 앞에 학부모를 비판하는 내용의 근조화환이 놓여있다. 창문에는 학부모를 비판하는 내용의 메모가 잔뜩 붙어있다. /연합뉴스										최근 대전에서 40대 초등학교 교사가 극단적 선택을 한 사건과 관련 가해자로 지목된 학부모가 운영하는 가게와 상호명이 같다는 이유 등으로 엉뚱한 가게들이 피해를 보고 있다. 일부 네티즌들은 대전 교사 사건과 전혀 관련 없는 업체에 ‘별점 리뷰 테러’를 가해 당사자들이 억울함을 호소했다.지난 12일 한 인스타그램 계정에는 ‘대전 ○○가게는 저희 아버지가 운영하는 작은 가게입니다’라며 이 같은 피해를 호소하는 글이 올라왔다.작성자는 “저희 아버지 사업장이 대전 교사 가해자 학부모의 영업장으로 잘못 알려져 많은 피해를 받고 있다”면서 “잘못된 정보는 한 가정을 망친다. 제발 글을 공유해달라”고 했다.같은 날 한 온라인커뮤니티에도 대전 교사 사건과 관련해 애꿎은 피해를 입고 있다는 사연이 올라왔다.대전의 한 식당 업주의 조카라고 밝힌 네티즌은 가족관계증명서까지 공개하며 “어제 삼촌께서 살인자 등등의 욕설과 별점테러에 너무 놀라시고 많이 상처받으신 상황”이라며 “가족관계증명서에 나와 있듯이 삼촌의 자녀들은 무엇보다 (대전 교사 근무 학교가 있는) 관평동에 거주하신 적도 없다”고 했다.가해자로 지목된 학부모가 운영한 음식점 프랜차이즈의 다른 영업 지점도 피해를 입고 있다.다른 지역에서 해당 프렌차이즈를 운영 중이라고 밝힌 한 업주는 온라인커뮤니티에 “해당 음식점 가맹점이라는 이유로 매출이 크게 줄었다”며 “모르는 가맹점주가 한 잘못된 일로 우리까지 생계에 위협을 받는 것은 너무 억울하다”고 했다.이외에도 가해자로 지목된 학부모가 운영하는 업체와 상호명이 같아 피해를 보고 있는 경우도 있는 것으로 알려졌다.대전 교사 사건 관련 학부모들의 신상정보가 온라인상에서 무분별하게 퍼지면서 무고한 피해자들이 생겨나고 있는 것이다.이에 일부 네티즌들도 억측과 마녀사냥을 자제하자며 자성의 목소리를 내고 있는 상황이다.대전 유성경찰서와 교사노조 등에 따르면 40대 초등교사 A씨는 지난 5일 자택에서 극단적 선택을 해 인근 병원으로 옮겨졌으나 지난 7일 끝내 숨졌다.20년 넘게 교직생활을 해왔던 A씨는 2019년 유성구 한 초등학교에서 일부 학부모들의 악성 민원에 시달렸다고 한다. 당시 한 학부모는 A씨를 아동학대 혐의로 경찰에 신고했으나 A씨는 1년여 조사 끝에 무혐의 처분을 받았다. 가해 학부모들은 해당 교사에게 4년 동안이나 악성 민원을 제기했던 것으로 알려졌다.,김명일 기자 mi737@chosun.com
MBC,"지방의료원 병상가동률, 코로나 전보다 42% 급감",2023.09.13. 오후 1:38,"자료사진공공 의료기관인 지방의료원의 병상가동률이 코로나19 전보다 42% 줄어든 것으로 나타났습니다.더불어민주당 김원이 의원이 보건복지부에서 받은 자료를 보면, 전국 35개 지방의료원의 병상가동률은 지난 6월 기준 46.4%로, 2019년 80.5%보다 42.4% 감소했습니다.병상가동률은 부산광역시의료원 36.5%, 강원도 속초의료원 28.6%, 전라북도 군산의료원 32.2% 등 대부분 50%를 넘지 못했고, 전체 하루 평균 외래환자 수도 2019년 789.2명에서 지난 6월 613.5명으로 22.3% 줄었습니다.지방의료원이 코로나19 유행기 전담병상을 운영하는 동안 의료진이 이탈하고 일반 환자들의 발길이 뜸해진 것이 원인으로 꼽히는데, 환자 수가 줄면서 경영 실적도 나빠졌습니다.당기순이익 적자를 기록한 곳은 2019년 전체의 절반가량인 18곳이었지만, 올해 상반기에는 1곳을 제외한 34곳이 모두 적자를 기록했고, 성남시의료원의 경우 올해 상반기만 적자가 84억여 원에 달했습니다.지방의료원은 코로나19 초기부터 코로나 환자 전담병원으로 지정되면서 일반 환자를 다른 의료기관으로 전원시켰지만, 지난 5월 전담병원에서 해제된 이후에도 환자들이 돌아오지 않고 있습니다.또 지방의료원 35곳 가운데 의사 정원을 충족한 병원은 절반에 못 미치는 16곳이었고, 간호사 정원을 채운 병원은 4곳에 불과했습니다.김 의원은 ""코로나19 전담병원이 되는 과정에서 퇴사한 의사·간호사의 공백이 이어지는 상황이 원인 중 하나""라며 ""만성적인 인력난으로 치료해 줄 의료진이 없어 일반환자를 받지 못하는 악순환이 나타나고 있다""고 설명했습니다.그러면서 ""붕괴 직전의 지방 공공의료를 살리기 위해 국가적인 지원이 시급하다""며 ""정부가 코로나19 전담병원 비상 운영에 대한 보상을 확대하고 지방의료원 경영정상화를 돕기 위한 지원책을 강구해야 한다""고 덧붙였습니다.",정혜인(hi@mbc.co.kr)
KBS,"교육부, 내년 공립 초등교사 3,157명 선발…올해보다 11% 감소",2023.09.13. 오후 12:53,"전국 17개 시·도 교육청이 선발하는 내년도 공립 초등교사 신규 임용 규모가 올해보다 11%가량 줄어듭니다.      교육부는 오늘(13일) 2024학년도 공립 유·초·특수 신규교사 임용시험 선발 규모를 취합한 결과, 전체 초등 교원 선발 인원은 올해보다 11.3% 줄어든 3천157명이라고 밝혔습니다.      지역별로 보면 충남 242명, 경남 178명을 제외한 15개 시도에서 선발 인원을 줄이거나 올해와 같은 규모를 유지했습니다.■ 제보하기▷ 전화 : 02-781-1234, 4444▷ 이메일 : kbs1234@kbs.co.kr▷ 카카오톡 : 'KBS제보' 검색, 채널 추가▷ 네이버, 유튜브에서 KBS뉴스를 구독해주세요!",KBS
시사저널,女세입자 방에 '불법 카메라' 설치한 40대 '건물주 아들',2023.09.13. 오후 1:10,"CCTV로 비번 알아내 38차례 침입하고 불법카메라 설치광주지방법원 전경 ⓒ 연합뉴스세입자 집에 수십 차례 몰래 침입하고 내부에 불법 촬영 장치를 설치한 건물주 아들이 징역형을 선고받았다.광주지법 형사9단독 임영실 판사는 13일 성폭력 범죄의 처벌 등에 관한 특례법위반 등 혐의로 조아무개(47)씨에 대해 징역 2년6개월에 집행유예 4년을 선고했다고 밝혔다.임 판사는 또 1년간 보호관찰, 40시간 성폭력 치료강의 수강, 3년간 아동·청소년·장애인 등 관련기관 취업제한 등도 명령했다.조씨는 2022년 11월부터 12월까지 38회에 걸쳐 광주 북구에 위치한 원룸 여성 세입자 집에 몰래 침입한 혐의 등으로 재판에 넘겨졌다. 조씨는 해당 원룸 건물주 아들로 조사됐다.원룸에 설치된 CCTV를 통해 세입자 호실의 현관문 비밀번호를 알아낸 조씨는 여성의 집 안에 영상 촬영 장치를 몰래 설치해 불법 촬영을 했다.임 판사는 ""피고인의 죄질이 좋지 않다""면서도 ""피해자가 합의를 통해 처벌을 원하지 않고 있어 집행유예를 선고한다""고 양형 이유를 밝혔다.",이금나 디지털팀 기자 goldlee1209@gmail.com
MBN,"세이브더칠드런 ""대전 교사 '정서 학대' 의견, 규정에 따른 판단""",2023.09.13. 오전 8:49,"""깊은 유감을 표한다""사진 = 세이브더칠드런 제공사망한 대전 초등학교 교사에 대한 조사에서 '정서 학대' 의견을 낸 국제아동권리단체 '세이브더칠드런(Save the Children)'이 비판 여론에 직면하자 ""깊은 유감을 표한다""는 공식 입장을 발표했습니다.세이브더칠드런은 12일 공식 홈페이지를 통해 ""산하기관인 대전서부아동보호전문기관이 관여한 2019년 사건과 관련해 최근 비극적 상황이 발생한 점에 대해 진심으로 슬프고 무거운 마음""이라며 이 같이 전했습니다.이어 ""해당 아동보호전문기관은 세이브더칠드런이 대전광역시의 위탁을 받아 운영하는 기관""이라면서 ""2019년 당시 경찰청 112로 아동학대 신고 전화가 접수됨에 따라 아동보호전문기관은 현장조사를 진행했다""며 ""아동보호전문기관은 현장을 방문해 아동복지법과 보건복지부가 정한 아동보호전문기관 업무수행지침에 근거해 아동학대 피해조사를 진행하여 조사 결과를 국가아동학대정보시스템에 등록했다""고 설명했습니다.그러면서 ""아동보호전문기관의 피해 조사는 위법 여부를 가리는 것이 아니고 아동학대 관련 규정 등에 따라서만 판단되며 아동의 상담과 치료, 회복, 예방을 목적으로 한다""며 ""이후 해당 자료는 수사 중인 경찰의 요청에 따라 제출할 의무가 있어서 경찰 측에 전달한 바 있다""고 부연했습니다.세상을 뜬 대전 초등 교사가 재직하던 유성구 한 초등학교 교사의 책상에 지난 9일 오전 꽃이 놓여 있다 / 사진 = 연합뉴스앞서 지난 5일 대전의 한 초등학교 교사 A씨는 자택에서 극단적 선택을 해 병원으로 옮겨졌지만 이틀 만에 숨졌습니다. 대전교사노조와 동료 교사들에 따르면 A씨는 지난 2019년 초등학교에서 근무하던 중 친구를 폭행한 학생을 교장실에 보냈다는 이유 등으로 해당 학부모로부터 아동학대 고소를 당하고 수년 간 악성 민원에 시달린 것으로 알려졌습니다.대전시교육청은 직원 5명으로 구성된 자체 진상조사단을 꾸려 A씨 측이 묵살당했다고 주장한 교권보호위원회 개최 여부와 학부모들의 악성 민원 등 사건 원인 조사에 나섰습니다.※ 우울감 등 말하기 어려운 고민으로 전문가의 도움이 필요하면 자살예방 핫라인 ☎1577-0199, 자살예방 상담전화 ☎1393, 정신건강 상담전화 ☎1577-0199, 희망의 전화 ☎129, 생명의 전화 ☎1588-9191, 청소년 전화 ☎1388, 청소년 모바일 상담 '다 들어줄 개' 어플, 카카오톡 등에서 24시간 상담을 받을 수 있습니다.",윤혜주 디지털뉴스 기자 heyjude@mbn.co.kr
KBS,퇴임 앞둔 김명수 “국민 비판 겸허히 수용…제도 개선 더 정진할 것”,2023.09.13. 오전 11:54,"퇴임을 앞둔 김명수 대법원장이 오늘(13일) “지난 개혁의 공과를 냉철히 돌아보고 국민의 비판을 겸허히 수용하겠다”고 말했습니다. 김 대법원장은 오늘 서울 서초구 대법원 청사 2층 중앙홀에서 열린 제9회 ‘대한민국 법원의 날’ 기념식에 참석해 “아직은 사법부가 미흡하고 부족해 보일 수 있지만 결코 사법부의 개혁 의지가 꺾이거나 현실에 안주해서가 아니다”라며 이같이 말했습니다. 김 대법원장은 “사법행정권 남용 사태로 인한 국민의 질타는 쓰라렸고 사법부의 신뢰 회복은 요원하게만 보였다”며 “우리가 처음 이루려 했던 개혁 과제 중 이미 가시적인 성과를 보인 것도 있지만 그 과정에서 예상하지 못한 어려움과 사회 각계각층의 비판 또한 있었다는 것을 잘 알고 있다”고 했습니다. 그러면서 “전대미문의 위기 속에 사법 개혁을 통해 진정한 사법 독립을 이루라는 국민의 준엄한 명령을 들었고 사법부 구성원 모두가 부단히 노력해 왔다”고 강조했습니다. 이어 “잘 아시다시피 사법 주권은 국민으로부터 나온 것이고 사법부는 국민을 위해 존재하는 것”이라면서 “다시 굳은 각오로 국민을 위한 좋은 법원을 만들기 위해 제도 개선에 더욱더 정진할 것”이라고 사법부 구성원들을 향한 당부의 말을 전했습니다. 2017년 9월 취임한 김 대법원장은 오는 24일 임기를 마치고 퇴임합니다. 대한민국 법원의 날은 우리나라가 일제에 사법주권을 빼앗겼다가 광복 후 미군정으로부터 사법권을 넘겨받아 다시 사법주권을 회복한 1948년 9월 13일을 기념하는 날로, 사법부는 2015년부터 기념 행사를 열었습니다. 이날 기념식에서 법원 발전과 법률문화 향상에 기여한 고 정의철 전 울산지법 판사와 경민성 법원행정처 등기주사보, 김서영 수원가정법원 법원주사, 고선미 법원도서관 기록연구관, 양미 서울고법 보안관리서기보, 원태영 서울가정법원 전문가 후견인, 윤순덕 전주지법 집행관이 대법원장 표창을 받았습니다.■ 제보하기▷ 전화 : 02-781-1234, 4444▷ 이메일 : kbs1234@kbs.co.kr▷ 카카오톡 : 'KBS제보' 검색, 채널 추가▷ 네이버, 유튜브에서 KBS뉴스를 구독해주세요!",진선민 (jsm@kbs.co.kr)
매일경제,‘누가 이 사람을 모르시나요’ 부른 가수 곽순옥 별세,2023.09.13. 오전 10:47,"			1960년대에 노래 ‘누가 이 사람을 모르시나요’를 부른 원로 가수 곽순옥이 지난 12일 별세했다. 향년 91세.고인은 대구 출신으로, 한국전쟁 중이던 1951년에 미8군 가수로 데뷔했다. 특히 분단으로 인한 이산가족의 애타는 심경을 그린 해당 곡은 1964년 라디오 연속극 ‘남과 북’의 주제가로 쓰이며 처음 알려졌고, 이후 동명의 영화 ‘남과 북’에도 삽입되며 큰 사랑을 받았다.곡은 패티김, 문주란, 장사익 등 여러 가수가 다시 불렀다. 특히 패티김이 부른 버전이 1983년 ‘KBS 특별생방송 이산가족을 찾습니다’의 주제가로 쓰였다.빈소는 고려대 안암병원장례식장 203호, 발인은 14일 오후 3시다. ‘누가 이 사람을 모르시나요’ 부른 가수 곽순옥 별세…향년 91세    (서울=연합뉴스) 1960년대 영화 ‘남과 북’의 주제가로 쓰인 노래 ‘누가 이 사람을 모르시나요’를 부른 원로 가수 곽순옥이 지난 12일 별세했다고 유족이 전했다. 향년 91세. 사진은 가수 곽순옥. 2023.9.13 [유족 제공. 재판매 및 DB 금지]    photo@yna.co.kr(끝)<저작권자(c) 연합뉴스, 무단 전재-재배포 금지>",정주원 기자(jnwn@mk.co.kr)
연합뉴스,주말까지 전국에 가을비…강원영동 내일까지 최대 100㎜↑,2023.09.13. 오전 11:53,"정체전선 형성…모레부터는 저기압 지나가며 많은 비고온다습한 공기 유입되며 당분간 최저기온 높아서울시청 인근 횡단보도에서 우산을 쓴 시민들이 이동하고 있다. [연합뉴스 자료사진]    (서울=연합뉴스) 이재영 기자 = 주말까지 가을비가 전국을 적시겠다.    기상청에 따르면 13일 오전 11시 현재 중부지방을 중심으로 비가 오고 있다.    특히 강원영동에 비가 쏟아지고 있는데 강원 고성군(대진)에는 이날 들어 오전 11시까지 강수량이 106㎜에 달했다. 이곳에는 오전 6시 9분부터 1시간 동안 66㎜ 비가 내리기도 했다.    강원영동은 이날 오후까지 시간당 20~40㎜씩 비가 쏟아질 때가 있겠다.    연해주에 자리한 고기압에서 동풍이 불면서 강원영동에 비를 퍼붓고 있다.    우리나라 동쪽 아열대고기압에서 고온다습한 공기가 유입되고 북서쪽에선 차고 건조한 공기가 남하하면서 형성된 정체전선 때문에 내리는 이번 비는 이날 오후 들어 전국으로 확대된 뒤 14일까지 이어지겠다.    다만 수도권과 강원영서·충청은 각각 14일 새벽과 오전까지만 비가 오겠으며 14일 오후가 되면 전국적으로 비가 소강상태를 보이는 곳이 많겠다.     14일까지 예상 강수량은 강원영동 30~80㎜(최대 100㎜ 이상), 경기남부·강원영서·충청 20~60㎜(강원영서중·남부와 충청 최대 70㎜ 이상), 경기남부를 제외한 수도권과 남부지방 10~160㎜(전라해안·경북북부내륙·경남해안·울릉도·독도 최대 70㎜ 이상), 제주 10~40㎜이다.    15일부터 16일까진 우리나라 동쪽 아열대고기압이 우리나라 쪽으로 더 세력을 확장하는 가운데 중국 상하이 쪽에서 발달한 저기압까지 접근해오면서 고온다습한 공기가 더 많이 공급돼 저기압 중심이 지나는 지역을 중심으로 많은 비가 오겠다.    17일엔 아열대고기압 세력권이 다소 줄긴 하지만 이 고기압 가장자리를 타고 고온다습한 공기가 주입되는 상태는 유지되고, 이에 더해 기압골이 새로 다가오면서 강수가 이어지겠다.    이날부터 17일까지 이어질 강수의 '키'는 아열대고기압이 쥐고 있다.     그리고 이 아열대고기압 확장세는 주변 열대저압부들에 달렸다.     기상청은 ""열대저압부 위상과 이동속도에 따라 아열대고기압 경계선이 달라질 수 있다""라면서 ""아열대고기압과 북쪽 차고 건조한 공기의 경계가 어디에 설정되는지에 따라서 상하이 쪽에서 접근해오는 저기압 경로와 속도가 달라질 수 있다""라고 설명했다.    이처럼 아직 예보에 변동성이 큰 만큼 최신 기상정보를 수시로 확인해야 한다.    기온은 23일까지 최저기온을 중심으로 평년기온과 비슷하거나 다소 높은 수준을 유지할 것으로 예상된다.     고온다습한 공기가 유입되면서 최저기온은 당분간 평년기온보다 높겠다.     다음 주 후반에는 차고 건조한 이동성고기압 영향을 받으며 기온이 예년 이맘때 수준까지 떨어질 가능성이 크다.     jylee24@yna.co.kr",이재영(jylee24@yna.co.kr)
한겨레,BTS RM이 되살린 조선 왕녀 활옷…모란 품속 쌍봉황이 노니네,2023.09.13. 오전 9:03,"방탄소년단 알엠, 2년 전 1억원 기부미국 라크마 소장 활옷 보존처리 끝내‘…조선왕실 여성 혼례복’ 특별전에 공개알엠이 낸 기부금 지원을 받아 최근 국내에서 보수복원된 미국 라크마뮤지엄 소장 활옷. 앞면이다. 국립고궁박불관 제공옛 것을 아끼는 케이(K)팝 스타의 마음이 100여년 전 이름 모를 조선 왕녀가 입었던 혼례복을 되살려냈다.20세기초 구한말 조선 왕실의 공주, 옹주, 군부인(왕자의 부인) 등이 입었던 최고급 예복이었으나 알 수 없는 경로로 지난 세기 미국으로 흘러간 들어간 활옷 한 점. 이 비운의 옷이 세계 대중음악계를 휘저었던 슈퍼 아이돌 그룹 방탄소년단(BTS)의 리더 알엠(RM:본명 김남준·29)이 2년 전 낸 기부금 덕분에 원래 모습을 찾게 됐다. 서울 경복궁 국립고궁박물관은 15일부터 12월 13일까지 2층 기획전시실에서 여는 특별전 ‘활옷 만개(滿開)-조선왕실 여성 혼례복’의 개막을 앞두고 13일 오전 알엠의 기부금 재원으로 복원된 구한말 활옷을 포함한 왕실 활옷 9점과 관련 유물 110여점을 언론에 미리 내보인다.최근 보존처리를 마친 구한말 활옷은 미국 로스앤젤레스 카운티 미술관(라크마) 소장품. 현지의 미술품 수집가가 1939년 기증한 것이다. 20세기 초반 지은 옷으로 추정되나 누구 것인지는 모른다. 비단에 쌍봉황과 모란, 색동띠 등 다채로운 자수무늬들이 수놓아졌고, 형태나 색감 등도 돋보이는 양질의 복식유산으로 평가된다.미국 라크마뮤지엄 소장 활옷의 뒷면. 국립고궁박불관 제공이 활옷의 보존처리 작업은 알엠이 지난 2021년 10월 국외소재문화재단에 국외 문화유산의 보존 복원을 위해 써달라고 기부한 1억원이 기본 재원으로 확정되면서 이뤄질 수 있었다. 지난해 9월말 재단이 라크마에서 활옷을 들여온 뒤 1년 가까이 보존처리 작업을 진행했다. 적외선 촬영을 통해 옷에서 오염되거나 손상된 부위를 확인해 세척하고 보강한 뒤 구김을 펴는 등의 공정을 거쳤다. 박물관 쪽은 “활옷을 미국으로 돌려보내기 전에 국내 관객들에게 박물관 기획전시의 출품작으로 선보이게 돼 더욱 뜻깊은 인연을 남길 수 있게 됐다”고 밝혔다.활옷은 치마와 저고리 등 여러 받침옷 위에 착용하는 조선왕실의 여성 혼례복이다. 고유 복식의 전통을 이은 긴 겉옷으로, 조선 전기 국가기록물에는 ‘홍장삼(紅長衫)’이란 명칭으로 기록되어 있다. 다채로운 자수를 수놓았을 뿐 아니라 가장 붉은 때깔을 내는 꽃안료인 대홍(大紅)을 염색하고 금박도 붙일 정도로 공력을 들인 옷이었다. 유난히 화려한 미감을 주는 특징 때문에 왕실과 더불어 민간 혼례에서도 입었던 유일한 복식 사례로 꼽힌다. 현재 국내에는 30여점, 국외에는 10여점 정도가 남아있는 것으로 추산된다.순조의 둘째 딸 복온공주의 활옷. 국립고궁박물관의 ‘활옷만개…’전에 출품될 예정이다. 국립고궁박불관 제공이번 전시의 경우 국내 소장 활옷 3점과 국외 소장 활옷 6점이 출품됐다. 알엠과 인연을 맺은 라크마 소장품을 비롯해 현전하는 활옷들 가운데 유일하게 입었던 이가 알려진 23대 임금 순조(재위 1800~1834)의 둘째딸 복온공주(1818~1832)의 활옷(1830년 제작·국립고궁박물관 소장)과 미국 시카고 필드 박물관, 브루클린 박물관, 클리블랜드 미술관의 소장품들이다. 활옷 등에 활용된 ‘덕온공주 홍장삼 자수본(1837년)’과 왕실활옷의 특징을 간직한 다른 복식들, 각종 관련 문헌과 혼례 물품, 사진 자료들이 함께 진열되며 활옷 차림 절차와 제작 과정을 담은 영상, 활옷 자수를 소재로 한 미디어 아트도 볼 수 있다.방탄소년단(BTS) 알엠. 빅히트뮤직 제공알엠은 지난해 9월에도 전세계에 한국 그림의 아름다움을 알려달라면서 다시 1억원을 재단에 낸 바 있다. 재단 쪽은 알엠의 추가 기부금을 바탕으로 국외에 소개할 한국 회화 도록을 준비 중인 것으로 알려졌다.",노형석 기자 nuge@hani.co.kr
KBS,오늘과 내일 전국에 비…늦더위 누그러져,2023.09.13. 오전 6:06,"오늘은 전국이 대체로 흐린 가운데 비가 내리겠고, 내일도 비가 오는 곳이 있겠습니다. 내일까지 예상 강수량은 경기 남부와 강원도, 충청지방이 20에서 80mm, 특히 강원 영동지방은 최대 100mm가 넘는 곳이 있겠습니다. 남부지방과 제주도에는 10에서 60mm, 서울과 경기 북부에는 10에서 40mm의 비가 내릴 것으로 보입니다.  비가 오는 동안 천둥·번개가 치는 곳도 있겠고, 강원 영동에는 시간당 30mm 안팎의 강한 비가 오는 곳이 있겠습니다.  이번 비는 수도권은 내일 아침에, 강원 영서와 충청지방은 내일 오후에 그치겠지만, 강원 영동과 남부지방은 내일 오후에도 비가 계속되겠습니다. 오늘 낮 최고기온은 서울이 24도 등 전국이 23도에서 29도로 어제보다 3도에서 6도가량 낮겠습니다. 바다의 물결은 모든 해상에서 0.5에서 1.5m로 낮게 일겠습니다.[사진 출처 : 연합뉴스]■ 제보하기▷ 전화 : 02-781-1234, 4444▷ 이메일 : kbs1234@kbs.co.kr▷ 카카오톡 : 'KBS제보' 검색, 채널 추가▷ 네이버, 유튜브에서 KBS뉴스를 구독해주세요!",이기문 (lkm@kbs.co.kr)
KBS,오늘과 내일 전국에 비…늦더위 누그러져,2023.09.13. 오후 12:01,"			오늘은 전국이 대체로 흐린 가운데 비가 내리겠고, 내일도 비가 오는 곳이 있겠습니다. 내일까지 예상 강수량은 강원영동 30에서 80mm, 많은 곳은 100mm 이상, 강원영서와 충청지역 20에서 60mm, 강원영서중남부는 최대 70mm가 넘는 곳이 있겠습니다. 경기남부는 20에서 60mm, 남부지방은 10에서 60mm의 비가 내리겠고, 호남해안과 경북북부내륙, 경남해안은 최대 70mm 이상 비가 오는 곳이 있겠습니다. 서울, 인천, 경기북부와 제주도는 10~40mm의 비가 내릴 것으로 보입니다. 비가 오는 동안 천둥·번개가 치는 곳이 있겠고, 강원 영동에는 시간당 20에서 40mm의 강한 비가 오는 곳도 있겠습니다.  이번 비는 수도권은 내일 아침에, 강원영서와 충청지방은 내일 오후에 그치겠지만, 강원 영동과 남부지방은 내일 오후에도 비가 계속되겠습니다. 오늘 낮 최고기온은 서울 24도 등 전국이 23도에서 29도로 어제보다 3도에서 6도가량 낮겠습니다. 바다의 물결은 모든 해상에서 0.5에서 1.5m로 낮게 일겠습니다.■ 제보하기▷ 전화 : 02-781-1234, 4444▷ 이메일 : kbs1234@kbs.co.kr▷ 카카오톡 : 'KBS제보' 검색, 채널 추가▷ 네이버, 유튜브에서 KBS뉴스를 구독해주세요!",이재원 (ljw@kbs.co.kr)
YTN,"[날씨] 가을장마 시작, 영동엔 호우...기온 '뚝', 늦더위 물러나",2023.09.13. 오후 1:03,"			[앵커]전국에 가을장마가 시작되면서 기승을 부리던 늦더위가 차츰 물러나겠습니다.다만 오늘과 내일은 영동에, 이번 주말과 휴일에는 전국에 국지성 호우가 내릴 것으로 보여 주의가 필요합니다.취재기자 연결해 자세한 비 전망 알아보겠습니다. 김민경 기자!비가 내리면서 늦더위가 주춤하고 있죠?[기자]그렇습니다. 비가 내리며 기온이 어제보다 뚝 떨어졌습니다.오늘 서울 낮 기온이 24도로 어제보다 6도나 낮고, 다른 지역도 낮 기온이 모두 30도 아래 머물 것으로 보입니다.9월이 시작된 이후에도 기승을 부리던 늦더위가 물러나는 겁니다.우리나라 북서쪽에서 차고 건조한 공기가 밀려오며 동서로 길게 정체전선이 형성됐기 때문인데요,이른바, 가을장마입니다.우리나라 주변에서 뜨거운 공기와 차가운 공기가 교차하면서 동해안에는 이례적인 현상이 나타났는데요.바로 용오름입니다.오늘 오전 경북 포항 호미곶에서 촬영된 화면인데요.회오리 모양으로 형성된 거대한 물줄기가 바다에서 상공으로 솟구쳐 오르고 있습니다.영이 승천하는 모양을 닮았다고 해서 용오름이라는 이름이 붙었습니다.[앵커]가을장마라고 하면 비가 길게 이어질 것 같은데, 언제까지 비가 얼마나 내리는 건가요?[기자]우선 오늘 내리는 비는 내일 오전까지 이어지겠습니다.현재 강원 영동과 전남 완도에는 호우주의보가 내려져 있는데요.내일까지 강원 영동에는 최고 100mm 이상, 충청과 호남, 영남에 많게는 70mm 이상, 수도권에도 10에서 60mm의 비가 내리겠습니다.하지만 모레부터 다시 비가 시작돼 휴일까지 사흘간 이어질 것으로 보이는데요.강수량이 예보되지는 않았지만, 주말과 휴일에는 국지성 호우가 내리는 곳도 있을 것으로 보여 각별한 주의가 필요합니다.기상청은 다음 주 초까지는 가을장마의 영향권에서 날씨의 변동성이 크겠다고 전망했습니다.지금까지 문화생활과학부에서 YTN 김민경입니다.※ '당신의 제보가 뉴스가 됩니다'[카카오톡] YTN 검색해 채널 추가[전화] 02-398-8585[메일] social@ytn.co.kr		",김민경(kimmink@ytn.co.kr)
디지털타임스,`성추문` 고은 시인 신작 `무의 노래` 판매 재개…판매량은 저조,2023.09.13. 오전 11:37,"고은 시인. 연합뉴스 자료사진    시인 고은(90)의 시집 '무의 노래' 판매가 재개된 것으로 확인됐다. 올해 초 출간됐다가 과거 성추행 의혹에 따른 논란으로 공급이 중단된 지 반년여만이다.13일 출판계와 서점업계에 따르면 실천문학사는 지난 7월 말부터 '무의 노래'의 시중 공급을 재개했다. 현재 교보문고와 예스24 등 주요 인터넷 서점에서 판매되고 있으며, 판매량은 현재까지 100권 미만으로 파악된다.고은 시인은 지난 1월 신작 시집 '무의 노래'와 대담집 '고은과의 대화'를 함께 펴냈다. 2018년 최영미 시인의 성추행 폭로로 활동을 중단한 지 5년 만이다. 하지만 고 시인이 제대로 된 사과나 유감 표명도 없이 문단에 복귀한 것에 대해 비판 여론이 일자 이내 실천문학사는 사과의 뜻과 함께 시집 공급을 중단한다고 밝힌 바 있다.고은 시인의 성추행 의혹은 최영미 시인이 시 '괴물'에서 그를 암시하는 원로 문인의 과거 성추행 행적을 고발한 사실이 알려지며 불거졌다. 논란이 커지자 고은 시인은 2018년 영국 가디언을 통해 ""나 자신과 아내에게 부끄러울 일은 하지 않았다""고 의혹을 부인하며 ""집필을 계속할 것""이란 입장을 밝히기도 했다. 이후 최영미 시인 등을 상대로 손해배상청구 소송을 제기했지만 2019년 항소심에서 패소했다.이번 판매 재개에 앞서 실천문학사는 출간의 당위성을 주장하기도 했다. 윤한룡 실천문학사 대표는 계간 '실천문학' 봄여름호(147호)에 게재한 '출판과 언론의 자유 충돌과 공존의 길'이라는 글에서 고 시인의 시집 출간은 기본권인 표현의 자유에 해당한다고 강조했다.고 시인은 이번 신작에 대한 작가의 말에서 ""시집 '초혼'과 '어느 날'이 나온 뒤로 5년""이라며 ""거의 연중무휴로 시의 시간을 살았다""고 했다. 시집 판매 재개 직후인 지난 7월 말에는 경기도 양평에서 자신의 구순을 축하하는 문집 헌정 행사에도 참석한 것으로 알려졌다.  		",팽동현 기자(dhp@dt.co.kr)
연합뉴스,'운전자 뇌파 측정해 졸음운전 예방' 현대모비스에 대통령상,2023.09.12. 오후 12:00,"행정안전부 로고[촬영 김지헌]    (서울=연합뉴스) 계승현 기자 = 행정안전부는 2023년 대한민국 안전기술대상 대통령상 수상자로 현대모비스의 졸음운전 예방 기술을 선정했다고 12일 밝혔다.     현대모비스는 운전자의 컨디션을 뇌파로 실시간 측정하고 청각, 촉각, 시각 작동 신호를 운전자에게 보내 졸음운전 사고를 예방하는 '엠브레인'(M.Brain)을 개발했다.     재난안전 연구개발 분야 최우수상에는 산업용 섬유 기업 '라지' 소속 김늘새롬 연구소장의 전기차 화재 대응 고내열 원단 및 재봉사 적용 질식소화포가 선정됐다.     시상식은 주한 외교사절단, 관계기관 주요인사 등 내외빈 80여명이 참석하는 가운데 13일 일산 킨텍스에서 열리는 '2023년 대한민국 안전산업박람회' 개막식에서 진행된다.    key@yna.co.kr",계승현(key@yna.co.kr)
MBC,"애플, 아이폰15 시리즈 공개‥아이폰 최초 USB-C 충전단자 도입",2023.09.13. 오전 5:22,"자료 사진 제공 : 연합뉴스애플이 최신 스마트폰인 아이폰15 시리즈 등 새로운 제품을 공개했습니다. 애플은 이날 미 캘리포니아주 쿠퍼티노에 있는 애플파크에서 행사를 열고 아이폰15 시리즈와 애플워치 등 신제품을 선보였습니다. 아이폰15 시리즈는 전작과 같이 6.1인치형 기본 모델과 6.7인치형 플러스, 고급 모델인 6.1인치형 프로와 6.7인치형 프로맥스로 구성됐으며 가격은 지난해 같은 수준을 유지했습니다. 또, 아이폰 최초로 기존의 라이트닝 포트 대신 `USB-C` 충전단자가 도입됐습니다.  이는 유럽연합(EU)이 2024년부터 유럽에서 판매되는 모든 전자기기에 USB-C를 의무화하도록 한 데 따른 것입니다. 프로와 프로 맥스 고급 모델은 `티타늄` 케이스로 새롭게 변신했습니다. 이와 관련해 애플은 ""우주선에 사용되는 것과 동일한 이 프리미엄 합금은 어느 금속에 견주어도 가장 높은 비강도를 자랑한다""며 ""이로써 애플 사상 가장 가벼운 라인업이 완성됐다""고 설명했습니다.",신지영(shinji@mbc.co.kr)
지디넷코리아,갤럭시Z폴드5 '톰브라운 에디션' 완판...7시간 동안 11만 명 몰려,2023.09.13. 오전 10:11,"제품배송 14일부터 순차적 진행삼성전자는 한정판 '갤럭시Z폴드5 톰브라운 에디션' 추첨 판매가 높은 인기를 끌며 마감됐다고 13일 밝혔다.이날 삼성전자에 따르면 지난 12일 오전 10시부터 오후 5시까지 삼성전자 홈페이지를 통해 진행된 '갤럭시Z폴드5 톰브라운 에디션' 추첨 판매에 약 11만명이 응모했다.갤럭시Z 폴드5 톰브라운 에디션 (사진=삼성전자)삼성전자와 톰브라운 브랜드가 협업해 제작한 스페셜 에디션은 수량이 한정돼 있다. 삼성전자는 과거 운영했던 다양한 스페셜 에디션이 순식간에 완판됐던 것을 고려해, 갤럭시 톰브라운 에디션의 경우 온라인 추첨 방식을 도입해 왔다.'갤럭시Z폴드5 톰브라운 에디션'의 당첨자 발표는 13일 오전 9시에 '삼성 닷컴'을 통해 진행됐다. 당첨자는 이날 오전 9시부터 오후 2시까지 삼성닷컴에서 제품을 구매할 수 있다. 제품 배송은 14일부터 순차적으로 진행된다.갤럭시Z폴드5 톰브라운 에디션은 폴드5 512GB 제품과 '갤럭시워치6 40mm 블루투스' 모델이 포함돼 있다. 또 톰브라운 디자인이 적용된 블랙 색상의 가죽 케이스 2종과, 노트 필기와 아이디어 구상을 위해 편리하게 사용할 수 있는 'S펜 폴드 에디션'이 파우치와 함께 제공된다.가격은 429만원이다.",이나리 기자(narilee@zdnet.co.kr)
연합뉴스,"백악관 ""北 사이버활동으로 미사일 재원 획득…한미일 공조강화""",2023.09.12. 오후 12:01,"한미, 北 사이버위협 정조준…""北 사이버 위협에 맞서 싸우고 제재 회피 막아야""국정원 ""北 세계 금융기관·가상자산 공격 통해 핵·미사일 개발 자금 조달""GCPR 2023, 환영사 하는 김규현 국정원장(서울=연합뉴스) 최재구 기자 = 12일 서울 웨스틴조선호텔에서 열린 사이버공간 국제 평화안보체제 구축에 관한 학술회의 개회식에서 김규현 국가정보원 원장이 환영사를 하고 있다. 2023.9.12 jjaeck9@yna.co.kr(서울=연합뉴스) 강건택 기자 = 한미 사이버 안보 당국과 전문가들이 북한의 사이버 위협에 초점을 맞춰 대응 전략을 점검하고 철통같은 공조 태세를 다짐했다.    국가정보원이 국가보안기술연구소와 함께 12일 서울 웨스틴조선호텔에서 주최한 2023 사이버공간 국제 평화안보체계 구축에 관한 국제 학술회의에서다.    앤 뉴버거 미국 백악관 국가안보회의(NSC) 사이버·신기술 담당 부보좌관은 화상 연설을 통해 ""북한은 사이버 활동을 통해 대량파괴무기(WMD)와 탄도미사일 프로그램의 재원을 획득하고 있다""며 ""한미일 3개국 실무그룹은 북한의 사이버 위협에 맞서 싸우고 제재 회피를 막아내기 위해 국제사회와 공조를 강화할 것""이라고 말했다.     뉴버거 부보좌관은 ""우리는 정보를 공유하고 북한의 암호화폐 도난, 세탁, 사용과 WMD 재원 조달을 위한 북한의 인력 활용, 악의적 사이버 행위자들에 대해 공동 대응할 것""이라고 설명했다.    그는 ""사이버 위협에는 국경이 없다""며 ""특히 우리와 강력한 동맹 관계에 있는 한국과의 협력이 중요하다""고 강조했다. 이런 관점에서 지난달 사이버 공간에서의 공조 체제를 다진 한미일 정상회의 선언이 ""자랑스럽다""고 했다.    뉴버거 부보좌관은 인공지능(AI)과 같은 신기술을 악용한 사이버 공격의 진화를 우려하면서 ""하지만 우리는 반드시 방어를 통해 승리해야만 한다""고 두 번이나 힘줘 말한 뒤 ""한국의 사이버 대응 민관 통합 노력을 칭찬하고 싶다""고 전했다.백악관에서 브리핑하는 앤 뉴버거 미국 국가안보회의(NSC) 사이버·신기술 담당 부보좌관[EPA 연합뉴스 자료사진]국정원 국가사이버안보센터장도 기조연설에서 ""국가가 배후인 해킹 조직들이 지금 이 순간에도 사이버 공간의 평화와 안보를 위협하고 있다""면서 ""특히 북한은 전 세계 금융기관과 가상자산에 대한 무차별적인 공격을 통해 핵·미사일 개발 자금과 통치 자금을 조달하고 있다""고 지적했다.    그는 이들 해킹 조직이 AI를 활용한 가짜뉴스 등 '영향력 공작'으로 자유민주주의 가치까지 훼손하고 있다며 ""위협 세력에 대한 추적과 제재 등 과거와 달리 적극적이고 봉쇄적 조치를 고려해야 한다""고 제안했다.    최효진 국가보안기술연구소장도 개회사를 통해 ""북한의 사이버 공격은 물리적 공간으로 전이돼 대한민국에 직접적 안보 위협으로 다가오고 있다""면서 ""사이버 안보를 국가안보 선순위로 설정해 다양한 분야에서 협력해야 한다""고 말했다.    참석한 여야 의원들도 북한 문제 등을 거론하며 사이버 안보만큼은 협력이 중요하다는 메시지를 냈다.    국회 정보위원회 국민의힘 유상범 간사는 ""우리나라는 세계 최고 수준의 정보, 인프라, 통신으로 국민 생활의 상당 부분을 사이버에 의존하고 있는 IT 선진국으로서 역설적으로 사이버를 비대칭 전력으로 활용 중인 북한의 위협에 상시 노출돼 있다""며 선제 대응을 위한 국가 사이버안보기본법 제정을 촉구했다.    더불어민주당 정보위 간사인 윤건영 의원은 ""사이버 안보만큼은 힘을 합쳐서 대비하고 대응 방안을 마련해야 한다""면서 ""러시아-우크라이나 전쟁으로 사이버 안보의 중요성이 어느 때보다 더 높아졌다""고 지적했다.    이틀간 열리는 이번 학술회의에는 '사이버 안보 위협에 대한 국제적 책임'을 주제로 해외 안보기관 관계자 등 국내외 사이버안보 전문가 30여 명이 온오프라인으로 참석해 발표와 토론을 한다.    firstcircle@yna.co.kr",강건택(firstcircle@yna.co.kr)
이데일리,ITU-T SG17 국제회의 성료…사이버보안 표준 9건 승인,2023.09.13. 오후 12:01,"ITU-T SG17 국제회의서 사이버보안 표준 논의랜섬웨어·비식별화 등 국제표준 사전채택(사진=과학기술정보통신부)[이데일리 김가은 기자]과학기술정보통신부는 지난 29일부터 일산 킨텍스에서 개최된 국제연합(UN) 산하 국제전기통신연합 전기통신표준화 부문(ITU-T) 정보보호연구반(SG17) 국제회의를 성료했다고 13일 밝혔다.이번 회의에는 전 세계 43개국 전문가 346명(온·오프라인 병행)이 참석해 사이버보안 국제표준 개발을 주제로 토론했다.우리나라는 총 9건의 표준 승인 성과(표준·부속서·기술보고서 최종 승인 3건, 표준 사전채택 6건)를 거뒀다. 이는 전체 표준 27건 중 33%에 해당한다.구체적으로 △비식별화 보증 프레임워크(한국인터넷진흥원, 순천향대, 금융보안원) 부속서 승인 △랜섬웨어 대응을 위한 스토리지 보호 프레임워크(나무소프트) △표적형 이메일 공격 대응을 위한 보안 요구사항(기원테크) △텔레바이오인식 기반 반려동물 개체식별 인증서비스(한국인터넷진흥원, 파이리코) △디지털 금융 서비스를 위한 보안 보증 프레임워크(순천향대) 등이 국제표준으로 사전채택 됐다. 또한 우리나라가 제안한 인공지능(AI) 시스템 보안 요구사항(순천향대), 커넥티트 카 보안(현대자동차), 분산원장기술기반 원타임 암호키 기반 인증 프레임워크(FNSValue, 순천향대), 상호운용성을 위한 분산원장기술 게이트웨이 보안요구사항(드림시큐리티) 등 신규 표준화 아이템(NWI) 9건도 승인됐다.뿐만 아니라 차기 연구회기(2025년~2028년) 신규 표준화 주제로 제로트러스트, SW 공급망 보안, AI 보안, 메타버스·디지털트윈 보안, 양자통신 보안 등을 제안해 향후 국제표준화를 위한 초석을 마련했다. 박윤규 과기정통부 2차관은 “이번 SG17 회의 개최를 통해 우리나라 정보보호 표준화 리더십을 강화하고 국내 정보보호 산업체 전문가의 국제표준화 참여를 확대하는 계기가 됐다”며 “정부는 우리나라 산·학·연 전문가들이 사이버보안 국제표준화 논의를 주도적으로 이끌어갈 수 있도록 지속적으로 지원하겠다”고 했다.",김가은(7rsilver@edaily.co.kr)
조선비즈,130g 소프트 로봇 그리퍼로 100kg 물건 들어올린 비결,2023.09.13. 오후 12:01,"KIST 송가혜 박사 연구팀·KAIST 이대영 교수팀 공동 개발국내 연구팀이 130g의 소재로 100kg 이상의 물체를 들어올릴 수 있는 소프트 로봇 그리퍼를 만들었다. 사진은 그리퍼의 동작 모습. /한국과학기술연구원(KIST) 제공.        KIST 연구팀이 직조 구조를 모방한 소프트 로봇 그리퍼를 개발했다. 소프트 그리퍼는 무거운 물체를 들어올리기 어려웠는데, KIST 연구팀은 130g의 소재로 100kg 이상의 물체를 들어 올릴 수 있도록 만들었다.한국과학기술연구원(KIST) 지능로봇연구단 송가혜 선임연구원 연구팀은 한국과학기술원(KAIST) 항공우주공학과 이대영 교수팀과 함께 130g의 소재로 100kg 이상의 물체를 파지할 수 있는 직조 구조의 소프트 그리퍼를 공동 개발했다고 13일 밝혔다.소프트 로봇 그리퍼는 로봇의 손처럼 동작해 물체를 안전하게 잡거나 놓는 등의 기능을 수행하는 장치다. 소프트 로봇 그리퍼는 가사용 로봇이나 물류용 로봇을 위해 연구가 진행 중이지만, 적재 용량이 낮아 무거운 물체를 들어올리기가 어려웠다. 또 물건을 움켜쥐는 ‘파지(grasping)’ 안정성이 낮아 약한 외부 충격에도 물체를 놓치기 쉬웠다.연구팀은 이런 단점을 보완하기 위해 직물에서 착안한 새로운 구조를 적용했다. 연구팀이 주목한 직조 기술은 낱개의 실을 단단히 얽어 견고한 직물을 만드는 기술이다. 해당 기술은 무거운 물건을 안정적으로 지지할 수 있어 수 세기에 걸쳐 의류, 가방 및 산업용 직물 등에 활용돼 왔다. 연구팀은 얇은 PET플라스틱 띠들이 직조 구조로 얽히고 풀어질 수 있도록 설계해 그리퍼를 제작했다.해당 방식으로 연구팀은 130g의 직조 구조 그리퍼를 만들어 100kg의 물체를 들어올릴 수 있도록 했다. 기존 그리퍼는 같은 무게로 최대 20kg 내외를 들어 올릴 수 있었다. 자체 무게 대비 적재 용량을 월등히 증가시키는 데 성공한 것이다.연구팀은 단가 낮은 재료를 사용해 가격 경쟁력도 높였다. 연구팀이 개발한 소프트 로봇 그리퍼의 재료 단가는 수천 원인 것으로 나타났다. 또한 플라스틱 띠를 체결하는 방식만으로 소프트 로봇 그리퍼의 제작이 완료될 수 있어 제작공정이 10분 이내로 간단하고 교체 및 유지보수도 쉽다고 연구팀은 설명했다.송가혜 KIST 선임연구원은 “이번에 개발된 직조 구조의 그리퍼는 소프트 로봇의 강점이 있으면서도 강성 그리퍼 수준으로 무거운 물체를 움켜쥘 수 있다”면서 “동전부터 자동차까지 다양한 크기로 제작할 수 있고, 여러 가지 형태와 무게의 물체를 파지할 수 있어 소프트 그리퍼를 필요로 하는 산업, 물류, 가사 등의 분야에서 활용할 수 있을 것”이라고 말했다.이번에 개발된 소프트 로봇 그리퍼는 연구팀이 주재료로 활용한 플라스틱 외에도 탄성을 보유한 고무 및 화합물 등의 다양한 재료로도 제작할 수 있다.연구 결과는 국제학술지 ‘네이처 커뮤니케이션즈(Nature Communications)’에 지난 8월 2일 게재됐다.참고 자료Nature Communications, DOI: https://doi.org/10.1038/s41467-023-40358-y",김효선 기자 hyosun@chosunbiz.com
조선일보,"‘연락처로 카톡 염탐’ 방지... 카카오, 전화번호 친추 막는 기능 도입",2023.09.13. 오전 11:55,"카카오는 12일 카카오톡에 ‘전화번호로 친구 추가 허용’ 옵션을 도입했다. /카카오										카카오가 12일 카카오톡에 ‘전화번호로 친구 추가 허용’ 옵션을 도입했다고 밝혔다.카카오톡을 최신 버전으로 업데이트한 이용자는 카카오톡 설정 내 프로필 관리 영역에서 ‘전화번호로 친구 추가 허용’ 옵션 활성화 여부를 선택할 수 있다. 기존에는 상대방이 내 전화번호를 저장하면 자동으로 친구 추가가 돼 프로필 사진 등을 볼 수 있었다. 이번 업데이트를 통해 이 옵션을 비활성화하면 다른 사람이 내 전화번호를 연락처에 가지고 있거나 전화번호를 검색해 친구 추가를 시도해도 친구 추가가 되지 않는다.해당 옵션을 비활성화한 이용자를 친구로 추가하려면 친구탭 상단의 친구 추가 버튼을 클릭해 카카오톡 ID로 추가하거나 친구 추가용 QR코드를 스캔해야 한다. 또는 카카오톡 단체채팅방에서 친구의 프로필을 클릭해 친구를 추가할 수 있다.카카오는 “카카오톡에는 멀티프로필, 차단 등 사생활 보호 기능이 있었다”면서도 “이번 업데이트를 통해 원치 않는 상대가 친구 추가하거나 피싱/스팸 등 불필요한 메시지로 스트레스를 받았던 이용자 불안이 줄어들 것”이라고 했다.이번 옵션 추가는 카카오가 진행하는 ‘카톡이지’ 프로젝트의 일환이다. 카카오는 이용자의 대화 스트레스, 부담을 줄이기 위해 지난 5월 이 프로젝트를 시작하고 \‘조용히 나가기’, ‘조용한 채팅방’ 등 다양한 기능들을 추가했다.이번 업데이트를 통해 이용자 편의 기능들도 도입했다. 실험실 기능이었던 ‘말풍선 더블탭 공감 기능’이 정식 도입돼, 이용자들은 말풍선을 더블탭해서 ‘하트’, ‘엄지척’, ‘체크’ 등 자신이 설정한 공감을 쉽고 빠르게 남길 수 있다. 카카오톡 내 저장 여유공간도 손쉽게 관리할 수 있게 됐다.카카오 양주일 카카오톡 부문장은 “앞으로도 다양한 개선 사항들을 반영해 이용자 만족도 및 편의 향상을 위해 노력하겠다”고 했다.",박지민 기자 bgm@chosun.com
디지털타임스,ETRI-加 양자컴퓨팅 기업 손잡고 원천기술 확보 나선다,2023.09.13. 오전 11:36,"캐나다 자나두와 양자컴퓨팅 공동연구 추진한국전자통신연구원(ETRI)은 캐나다의 광기반 양자컴퓨팅 분야의 세계적 기업인 자나두(Xanadu)와 양자컴퓨팅과 머신러닝 연구 분야에 협력키로 했다고 13일 밝혔다.자나두는 구글, 중국과학기술대에 이어 세계 3위 양자컴퓨팅 기술력을 확보한 글로벌 양자컴퓨팅 하드웨어 선도기업으로 평가받고 있다. 현재 180명 이상의 전문가가 연구개발을 수행하고 있다. 특히 광기반 양자컴퓨팅 분야에서 하드웨어, 소프트웨어 개발을 선도하는 글로벌 기업으로 명성을 얻고 있다.ETRI는 자나두와 양자컴퓨팅 구현에 필요한 하드웨어·소프트웨어 개발과 머신러닝 활용 등을 위한 공동연구와 인력교류를 추진할 계획이다. 특히 포토닉스 기반 양자컴퓨팅·머신러닝 분야 기술 개발 협력을 통해 계산 성능의 파괴적 혁신을 가져올 컴퓨팅 원천기술을 확보하겠다는 구상이다.방승찬 ETRI 원장은 ""이번 국제연구협력을 통해 양자컨퓨팅 조기 개발과 머신러닝 활용을 위한 연구 등에 큰 도움이 될 것""이라고 말했다.크리스천 위드브룩 자나두 CEO는 ""ETRI와 공동연구, 인력교류를 통해 양자컴퓨팅 기술 발전에 더욱 노력하겠다""고 밝혔다. ETRI는 캐나다 양자컴퓨팅 분야 세계적 기업인 자나두와 양자컴퓨팅 구현에 필요한 하드웨어, 소프트웨어 등에 협력키로 했다. ETRI 제공    ",이준기 기자(bongchu@dt.co.kr)
한국경제,"고바이오랩 ""마이크로바이옴으로 먹는 GLP-1 비만약 개발""",2023.09.13. 오후 12:21,"항비만 3종 균주 혼합해 투약 기존 항비만 대비 가격 낮출 것 건기식 사업 순항, 캐시카우 확보올해 연매출 300억원 달성 목표“단일 균주가 아닌 3종의 균주를 투약하는 마이크로바이옴 비만치료제를 개발할 계획입니다.”이한승 고바이오랩 부사장은 13일 ‘코리아 인베스트먼트 위크(KIW) 2023’에 참석해 “위고비, 마운자로 등 현재 세계적으로 돌풍을 일으키고 있는 GLP-1 계열 비만치료제는 주사제다”며 “반면 고바이오랩은 경구용으로 개발할 것”이라고 말했다. GLP-1은 음식을 섭취하면 우리 몸에서 분비되는 호르몬이다. 뇌에 배고픔을 줄이겠다는 신호를 전달한다. 반감기는 1~2분밖에 되지 않는다. 노보노디스크 위고비와 일라이릴리 마운자로는 반감기를 늘리는 기술을 적용해 비만치료제로 개발했다. 주 1회 투여하는 주사제다. 고바이오랩의 비만치료제 신약 후보물질 KBLP-004는 항비만 효과를 보이는 3종의 균주를 경구용으로 투약한다. 이 부사장은 “3종 균주는 다른 균주의 성장을 돕는 역할(공생 효과), 장관벽에 투과율을 강화해 건강한 장 상태를 유지해 주는 효과. GLP-1 분비를 유도한다”며 “3종 균주가 혼합됐을 때 최적의 효과를 내는 비율을 확인하는 작업을 하고 있다”고 말했다. 그러면서 “장내환경 변화를 유도해 비만을 치료하면서 GLP-1 분비를 통해 비만 인자를 제거하는 것으로 약을 디자인하고 있다”고 했다. 기존의 주사형 GLP-1 비만치료제 대비 원가를 낮출 계획이다. 일각에선 3종의 균주가 들어가다 보니 공정이 복잡해질 수 있는 데다 약 제조 원가가 높아질 것이라고 우려한다. 이에 대해 이 부사장은 “이를 극복하기 위해 배양하는 기술도 개발 중”이라며 “기존 비만치료제 주사제 대비 원가를 낮출 것”이라고 설명했다. 고바이오랩은 건강기능식품 사업을 통해 현금창출 능력도 확보했다. 지난해 3월 고바이오랩과 이마트 합작투자법인 ‘위바이옴’을 세웠다. 설립 10개월 만에 매출 100억원을 달성했다. 이미 올해 상반기 140억원 매출을 올렸다. 올해 연매출 300억원을 기록할 것으로 예상한다. 이 부사장은 “바이오벤처라도 재무적 안전성이 필요하다”며 “건강기능식품 사업을 통해 재무적 안전성을 추구하겠다”고 덧붙였다. ",김유림 기자 youforest@hankyung.com
뉴스1,내년 美대선 앞두고 바이든에 공화 '탄핵 조사' 꺼내들어…절차·전망은,2023.09.13. 오전 11:21,"차남 헌터 바이든 관련 권력 남용 혐의백악관·민주당 반발 ""정치적 목적""케빈 매카시 미 하원의장이 12일(현지시간) 조 바이든 미국 대통령과 그의 아들 헌터 바이든을 둘러싼 혐의 관련 성명을 발표하고 있다. 2023.09.12/뉴스1 ⓒ 로이터=뉴스1 ⓒ News1 김민수 기자(서울=뉴스1) 김민수 기자 = 공화당 소속의 케빈 매카시 미국 하원의장이 조 바이든 미국 대통령에 대한 공식적인 탄핵 조사를 하원 위원회에 지시했다.매카시 의장은 이번 조사에서 조 바이든 대통령이 아들 헌터 바이든의 사업 거래로부터 이익을 얻었는지에 초점을 맞출 것이라고 말했다. 그는 ""이러한 것들은 권력 남용, 방해, 부패 혐의이며 하원의 추가 조사가 필요하다""고 주장했다.◇탄핵조사란탄핵이란 일반 사법절차에 따라 소추하거나 징계 절차에 따라 징계하기가 곤란한 대통령이나 고위 공직자가 직무상 위헌이나 위법행위를 저지른 경우, 의회가 이들을 소추해 파면하는 제도를 일컫는다.탄핵 조사(impeachment inquiry)는 탄핵 추진을 염두에 두고 조사하는 것을 뜻한다.탄핵소추 절차는 '하원이 탄핵 조사를 승인하는 안을 통과시켜 절차를 개시할 때'나 '의원이 탄핵안을 제출할 때' 시작된다. 요컨대 탄핵 조사는 탄핵을 위해 반드시 거쳐야 하는 것은 아니란 의미다.지난 2019년 도널드 트럼프 당시 대통령이 볼로디미르 젤렌스키 우크라이나 대통령과의 통화에서 바이든과 그의 아들 헌터 바이든에 대한 조사에 협조해 줄 것을 압박했다는 혐의(직권 남용 혐의)로 탄핵 조사가 성사된 바 있다.2021년 1월6일 국회 의사당 점거 폭동 이후 트럼프 대통령 임기 마지막 주에 탄핵 소추를 제기하기 전에는 탄핵 조사가 진행되지 않았다.◇탄핵 조사 꺼내 든 이유는미 공화당은 헌터 바이든이 바이든 대통령의 부통령 재임 시절 우크라이나 에너지기업 부리스마 홀딩스 임원으로 영입돼 거액의 연봉을 받고, 바이든 대통령의 동생인 제임스 바이든과 함께 중국의 에너지 회사인 CEFC로부터 수백만 달러의 부적절한 거래를 했다는 의혹을 제기하고 있다.이와 별도로 공화당은 미 법무부가 연방 세금 탈세 혐의로 기소된 헌터 바이든에 대한 조사를 방해했다고 주장한다. 즉 바이든 행정부가 대통령 아들의 의혹을 덮으려 했을 수 있다고 지적한 것이다.백악관과 민주당은 반발하고 있다. 민주당은 탄핵 조사가 근거 없고 정치적인 목적이 강하다며 오히려 트럼프 전 대통령에 대한 4건의 형사 기소를 방해하기 위한 것이라고 주장한다.이언 샘스 백악관 감독·조사 담당 대변인은 ""하원 공화당은 대통령을 9개월간 조사하고서도 그가 잘못했다는 증거를 찾지 못했다""며 ""최악의 극단적인 정치""라고 비판했다.◇증거는 충분한가…전망은미 공화당은 한 FBI 정보원이 2000년 인터뷰에서 바이든 대통령이 부통령으로 재직 시 차남 헌터가 임원으로 있었던 우크라이나 에너지 기업으로부터 500만달러를 받았다고 말한 것을 근거로 들고 있다.해당 내용은 FD-1023이란 형식의 FBI 문서에 담겨 있는데 이 양식은 비밀 정보원의 검증되지 않은 보고를 기록하는 형식으로 알려져 있다.헌터 바이든의 사업 파트너인 데본 아처는 지난 7월31일 하원 감독위원회에 출석해 헌터 바이든이 부리스마의 이사로 재직할 당시 매일 아버지와 통화했으며, 당시 10년간 약 20회에 걸쳐 사업 파트너∙동료들과도 스피커폰으로 통화했는데, 사업 거래에 관한 이야기는 한 번도 없었다고 증언했다.한편 미 헌법에 따르면 하원이 탄핵을 가결하면 상원에서 탄핵 심판을 진행한다. 현재 공화당이 하원 다수당을 차지하고 있어 탄핵이 가결될 가능성이 있지만, 상원의 경우 민주당이 다수당을 차지하고 있기 때문에 탄핵이 인용될 가능성은 희박하다.		",김민수 기자 (kxmxs4104@news1.kr)
뉴스1,"美상무 부장관, 내주 방한…""서울서 대중 수출통제 韓유예 논의""(상보)",2023.09.13. 오전 3:25,"코트라 워싱턴무역관 주최 포럼 참석…""내주 더 많은 정보 가질 것""""전쟁 위한 기술·필수품 획득코자 수출통제 회피하는 러 능력 저지해야""돈 그레이브스 상무부 부장관이 12일(현지시간) 워싱턴DC에서 대한무역투자진흥공사(KOTRA·코트라) 워싱턴무역관이 주최한 한미통상협력 포럼에서 특파원들과 만나 질의 응답을 하고 있다. 사진은 워싱턴특파원단 제공. ⓒ News1 김현 특파원(워싱턴=뉴스1) 김현 특파원 = 돈 그레이브스 미 상무부 부장관은 12일(현지시간) 한국 기업에 대한 대중국 반도체 장비 수출통제 유예 조치 연장과 관련해 ""다음 주에 더 많은 정보를 가질 수 있을 것""이라고 밝혔다.그레이브스 부장관은 이날 워싱턴DC에서 대한무역투자진흥공사(KOTRA·코트라) 워싱턴무역관이 주최한 한미통상협력 포럼에서 특파원들과 만난 자리에서 '서울에서 수출통제 유예 조치 연장에 대해 논의하느냐'는 질문에 ""저는 서울에서 그것에 대한 대화를 가질 것으로 기대한다""며 이렇게 답변했다.그레이브스 부장관은 이날 포럼 기조연설에서 자신이 다음 주에 대표단을 이끌고 한국과 일본을 방문할 예정이라고 밝혔다.그는 대중 반도체 수출통제 유예 연장이 한국 기업들이 요청해 온 '검증된 최종사용자(VEU)' 방식으로 이뤄지느냐는 물음에 ""지금은 그것에 대해 자유롭게 논의할 수 없지만, 다음 주에 더 많은 것을 공유할 것""이라고 말했다.미국 정부는 지난해 10월 18나노미터(㎚) 이하 D램, 128단 이상 낸드플래시 등에 필요한 미국산 장비의 중국 수출을 금지하면서 삼성전자·SK하이닉스의 중국 공장에 대해선 해당 규제를 1년간 유예해줬다.1년 유예 종료시한인 내달 11일이 다가오면서 한·미 양국은 유예 연장 및 방식을 두고 협의를 진행해 왔다. 그간 미국 정부는 유예 연장은 물론 한국 기업들이 요구해 온 '검증된 최종 사용자(VEU)' 방식을 통해 장기적인 해법을 마련하는 쪽으로 가닥을 잡은 것으로 전해졌다.  VEU 제도는 상무부가 사전에 승인한 기업에 대해선 지정된 품목을 수출해도 된다는 일종의 포괄적 허가로, 삼성전자와 SK하이닉스의 중국공장은 이미 VEU 명단에 들어 있어 장비 목록만 추가하면 된다. 이는 한국 기업이 기간 제한 없이 구체적인 장비 품목을 안정적으로 수입할 수 있도록 허용하는 방안이다.  다만, 최근 중국의 최대 통신장비업체인 화웨이가 미국의 고강도 제재에도 불구하고 7나노 공정 반도체를 탑재한 최신 스마트폰 '메이트 60 프로'를 출시하면서 미국 내에서 대중국 수출통제 강화를 요구하고 있어 자칫 미국 정부의 반도체 장비 수출통제 유예 연장 결정에 악영향을 미치는 게 아니냐는 우려가 제기되고 있는 상태다.  그레이브스 부장관은 화웨이가 '메이트 60 프로'를 출시한 것과 관련해 '수출통제를 강화할 필요가 있다고 보느냐'는 물음에 ""우리는 여전히 그 문제와 (휴대)전화에 대해 조사하고 있다""고 구체적인 언급을 자제했다. 그는 이어 ""제가 말씀드릴 것은 우리는 우리 기업들이 경쟁할 수 있는 역량을 갖추고, 다른 나라들이 우리의 민주주의 원칙을 훼손하거나 공정하고 경쟁적인 방식으로 경쟁할 수 있는 우리의 능력을 더 이상 약화시키지 못하도록 한국 및 일본과 같은 파트너들과 협력해 수출통제를 최대한 효과적으로 계속 적용할 것이라는 것""이라고 말했다.그는 '중국이 정말로 7나노 반도체를 개발한 것이냐'는 취지의 물음에 ""우리는 아직 전화의 세부사항을 살펴보고 있고, 나중에 더 많은 정보를 가질 것이라고 확신한다""고 밝혔다.돈 그레이브스 상무부 부장관이 12일(현지시간) 워싱턴DC 미 육해군클럽에서 대한무역투자진흥공사(KOTRA·코트라) 워싱턴무역관이 주최한 한미통상협력 포럼에서 기조연설을 하고 있다. 사진은 워싱턴특파원단 제공. ⓒ News1 김현 특파원앞서 그레이브스 부장관은 기조연설에서 자신의 방한 기간 '수출통제' 조정 및 시행과 관련한 협력에 대해 논의할 것이라며 ""다른 무엇보다, 우리는 우크라이나를 상대로 전쟁을 지속하기 위한 기술과 필수품을 획득하기 위해 수출통제를 회피하는 러시아의 능력을 계속 저지해야 한다""며 ""이 문제는 양국 모두의 최우선순위이자 약속으로 남아 있다""고 말했다. 그는 ""우리는 국가안보를 위협하거나 약화시키고, 인권을 침해하는 국가들이 자국민의 자유를 박탈하고 이웃국가를 위협하는 무기와 기술을 획득하지 못하도록 계속 막아야 한다""고 주장했다. 그러면서 ""상무부는 우리의 수출통제 노력에 대해 한국 정부와 계속 긴밀히 조율하고 있다""고 말했다. 그레이브스 부장관은 방한 기간 논의할 또 다른 주제로 '반도체'를 꼽은 뒤 지난해 통과한 반도체과학법을 거론, ""그것은 한국과 다른 나라의 기업들이 미국 반도체 분야에 투자해 공동의 가치가 없는 국가에서의 생산 의존도를 낮추는 데 필요한 미국내 역량을 구축할 수 있도록 하는 가장 큰 기회일 수 있다""고 말했다. 그는 조 바이든 행정부는 미국은 물론 우리의 동맹 및 파트너와 기업들에게 이익이 될 안전한 반도체 생태계 구축에 전념하고 있다고 강조했다. 그는 반도체법에 따른 자금 지원 신청 현황에 대해 구체적으로 언급할 순 없지만 ""압도적이고, 당초 예상을 초과했다""고 소개하기도 했다. 그는 외국인 투자와 관련해 ""공정한 접근법에 전념""하고 있으며, 동맹 및 파트너들과 긴밀히 협력하면서 신뢰할 수 있고 회복력 있는 공급망을 확보하기 위한 강력한 반도체 생태계를 구축하고 있다고 설명했다.		",김현 특파원 (gayunlove@news1.kr)
동아일보,"“北과 대북제재도 논의”… 러, 노골적 무력화 나서",2023.09.13. 오전 3:02,"[김정은-푸틴 정상회담]“상임이사국 걸고 도박” 평가기존 제재 이행 어려워질수도러시아가 북한과의 정상회담에서 유엔 안전보장이사회 대북 제재 문제까지 논의할 수 있다고 밝히면서 안보리 대북 제재 시스템 자체를 무력화하려는 의도를 노골적으로 드러냈다. 안보리 상임이사국인 러시아가 북한 편들기를 더욱 강화하면 북한의 대륙간탄도미사일(ICBM) 발사는 물론이고 핵실험 등 중대한 도발에 맞서 안보리 차원의 제재 부과가 힘들어지고 러시아가 이미 동의해 안보리를 통과한 기존 대북 제재 이행까지 어려워질 것이란 우려가 나온다. 러시아가 상임이사국으로서의 자격과 정당성을 무너뜨릴 수 있는 도박에 나선 것이란 평가도 나왔다. 러시아 크렘린궁은 12일(현지 시간) “안보리에서의 사안에 대한 프로세스도 논의 주제가 되고 있다”면서 “필요하다면 북한과 이 주제에 대해 논의할 준비가 돼 있다”고 밝혔다. 북한과 안보리 대북 제재와 관련해 논의할 수 있음을 시사한 것. 우크라이나 전쟁이 장기화되는 가운데 포탄 등 재래식 무기가 절실한 러시아가 북한으로부터 무기를 받는 대신에 대북 제재 완화를 반대급부로 고려한다는 의미로 풀이된다. 북-러가 이번 회담에서 논의할 것으로 예상되는 무기 거래뿐만 아니라 연합훈련 등 군사협력이 안보리 제재 위반인 만큼 이를 염두에 두고 안보리 무력화 가능성을 내비친 것이란 해석도 나왔다.  안보리 5개 상임이사국 중 하나인 러시아는 2016년 북한이 핵실험 등 고강도 도발에 나서자 대북 제재 결의를 채택하는 과정에서 중국과 함께 찬성표를 던진 바 있다. 정부 소식통은 “현재 대북 제재 시스템이 구축·운영되는 데 동참해 온 주체가 러시아”라고 했다. 이에 북한은 반발하며 무기 개발, 금융 거래, 노동자 파견 등 정치·경제·사회 전 분야를 아우르는 포괄적인 대북 제재 결의 6건에 대한 해제를 요구해 왔다. 다만 2021년부터 중-러는 안보리에 대북 제재 완화를 주장해 기존 대북 제재 시스템이 사실상 작동하지 않고 있다는 지적이 나온다. 일례로 유엔 안보리는 지난해 5월 북한이 ICBM 화성-17형 등 도발을 감행하자 2017년 대북 제재 결의안의 트리거(안보리의 자동 개입) 조항에 따라 결의안을 상정했지만 중국과 러시아의 반대로 채택이 무산됐다.",신규진 기자 newjin@donga.com
뉴스1,"""쓰나미 같은 홍수가 사람들 끌고 바다로""…'1만명 실종' 리비아 목격담",2023.09.13. 오전 10:46,"한밤 중 데르나 인근 댐 2개 붕괴…순식간에 도심 물바다 사망자 5000명 이상…식수·의료품 없고 병원 환자 넘쳐나리비아에 쏟아진 폭우로 댐이 붕괴하며 도시 4분의 1이 사라진 리비아 데르나시 전경 ⓒ 로이터=뉴스1 ⓒ News1 박형기(서울=뉴스1) 박형기 기자 = 리비아 동부지역에 내린 폭우로 12일(현지시간) 현재 최소 5300명이 사망하고 1만 명 이상의 실종자가 발생한 가운데, “쓰나미 같은 홍수가 사람들을 바다로 끌고 들어갔다”는 목격담이 잇따르고 있다고 BBC가 이날 보도했다. 사망자와 실종자가 집중된 동부 주요 도시 데르나에서 폭우가 내리자 인근 댐 2개가 잇달아 붕괴하면서 순식간이 물이 시내로 몰려들어 쓰나미를 방불케 했다는 목격담이 잇따르고 있는 것.데르나시 위치도. 빨간색은 댐 - 구글 갈무리정부에서 일하고 있는 히샴 치키우아드는 “물이 한꺼번에 불며 많은 사람들이 물결에 휩쓸려 바다로 떠내려 갔으며, 일부 사람들은 지붕에 매달려 휩쓸려 가는 것을 피했다”고 말했다.그는 “마치 쓰나미 같았다”고 당시를 회고했다. 그는 ""그렇지 않아도 폭우로 홍수가 났는데, 데르나시의 남쪽에 위치한 댐이 홍수로 붕괴하면서 피해가 더 커졌다""고 덧붙였다. 구조대원 알-드베이바씨는 “구조대가 시신을 수습하기 위해 고군분투하고 있으나 역부족”이라고 말했다. 그는 “해군과 잠수부들이 바다에 투입돼 시신을 수습하고 있으나 인력이 크게 부족하다”고 덧붙였다. 그는 ""처음에는 그냥 폭우인 줄 알았는데 한밤중에 거대한 폭발음이 들렸다""며 ""지금 생각해보니 댐이 붕괴하는 소리였다""고 설명했다. 다른 구조대원 카심 알-카타니는 ""현재 구조작업을 벌이고 있으나 데르나에 깨끗한 식수가 없고 의료용품도 크게 부족하다""며 ""국제적 구호가 절실하다""고 밝혔다. 그는 ""데르나에 있는 병원들은 환자가 너무 많아 더 이상 환자를 수용할 수 없다""고 현지 상황을 전했다. 그는 ""시신이 너무 많아 큰 구덩이를 파고 천으로 시신을 싼 뒤 집단 매장을 하고 있다""고 밝혔다.12일(현지시간) 폭우로 대규모 인명피해가 발생한 리비아 데르나시에서 시신들을 한 구덩이에 넣고 매장하고 있다. ⓒ 로이터=뉴스1 ⓒ News1 박형기 기자이날 로이터통신은 리비아 동부지역에서 발생한 대홍수로 5000명 이상이 사망하고, 1만 명 이상이 실종됐다고 보도했다.로이터는 리비아 내무부를 발표 결과를 인용, 이같이 전했다. 리비아 내무부 대변인 모하메드 아부-라무샤는 “데르나에서만 5300명이 넘는 인원이 사망했다”고 밝혔다.실종자도 1만 명이 넘는다고 로이터는 전했다. 로이터는 폭우로 데르나의 댐이 무너지면서 도시의 4분의 1 정도가 바다로 쓸려 들어가 사망자가 수천 명에 달하는 것은 물론 실종자가 1만 명을 넘어섰다고 보도했다. 데르나시는 12만5000 명이 거주하는 리비아 동부의 주요 도시다.앞서 지난 10일 오후 폭풍 '대니얼'이 리비아 동부지역을 강타해 폭우가 쏟아지면서 이번 재앙이 시작됐다.		",박형기 기자 (sinopark@news1.kr)
이데일리,"머스크, 자녀만 10명된 사연…女임원에 정자 기증",2023.09.13. 오후 1:31,"전기 ‘일론머스크’서 일화 공개13일 미국과 한국 32개국 출간“父 학대·학폭, 성공의 계기로”일론 머스크와 뉴럴링크 임원 시본 질리스(사진=X 게시물 캡처 이미지·연합뉴스).[이데일리 김미경 기자] 월터 아이작슨 전기 전문 작가가 일론 머스크(52) 테슬라 최고경영자(CEO)를 지난 2년간 근거리에서 관찰하며 집필한 평전이 13일(한국시간) 미국과 한국 등 32개국에 동시 출간됐다.국내에서는 21세기북스를 통해 출간된 책 ‘일론 머스크’(Elon Musk)에는 자신이 설립한 회사 뉴럴링크의 임원 사이에 둔 쌍둥이 자녀가 정자 기증을 통한 것이었다는 전기 내용이 공개됐다.책에 따르면 머스크는 “인류의 장기적인 생존에 위협이 될 것”이라며 출산율 하락에 대한 두려움으로 다른 직원들에게 아이를 많이 낳으라고 권해왔다. 이 과정에서 그는 자신이 2016년 설립한 ‘뇌 임플란트’ 기업 뉴럴링크의 임원 시본 질리스(36)에게 “아이를 가질 준비가 됐다면 내가 정자기증자가 될 수도 있다”고 말했다. 이후 질리스는 머스크의 정자를 기증받아 체외수정을 통해 2021년 이란성 남녀 쌍둥이를 낳았다. 질리스는 아이작슨에게 “머스크가 많은 일을 하고 있기 때문에 대부 같은 역할 정도만 하리라고 생각했지만, 아이들과 유대감을 형성하는 모습에 놀랐다”고 전했다. 다만 질리스의 임신·출산 당시 이 사실을 몰랐던 머스크의 여자친구 그라임스(클레어 바우처)는 지난해 이 사실이 언론에 공개되며 머스크에게 화를 냈다고 한다. 그라임스가 질리스와 임신, 출산 시기가 겹쳐 한때 같은 병원에 입원해 있었던 사실도 알려졌다.영국 파이낸셜타임스(FT)에 따르면 머스크는 현재 대리모를 통한 자녀를 포함해 11명의 자녀를 두고 있다. 아이작슨은 이 외에도 여러 여성과 교제한 머스크는 배우 조니 뎁의 전 부인인 앰버 허드와의 교제를 가장 고통스럽게 생각했다고 전했다. 머스크는 그라임스와 3째 아이까지 얻어 그의 자녀는 총 10명으로 확인된 상태다.저자는 평전을 통해 머스크가 일에 집착하게 된 계기를 학교 폭력과 아버지의 학대로 봤다. 남아프리카공화국에서 어린 시절을 보낸 머스크는 수시로 또래 아이들에게 폭행 당했다. 고등학생 때 한 동급생 무리가 계단에서 머스크를 밀어 일주일간 입원해야 할 정도로 크게 다쳤는데, 그는 되레 아버지에게 혼이 났다.머스크는 구타당할 때마다 자신을 세상을 구하는 영웅이라고 상상하며 버텼고, 감정을 차단했다. 이런 냉정한 성향이 사업적인 측면에서 장점으로 발휘돼 전기차, 우주산업 등 기발한 아이디어를 낳았다는 것이다.머스크는 어린 시절의 상처에 대해 “나를 키운 것은 역경”이라며 “내가 견딜 수 있는 고통의 한계점이 크게 높아졌다”고 회고했다. 머스크는 테슬라, 스페이스X, X(옛 트위터) 등 6개 기업을 통솔하는 현실판 ‘아이언맨’이며 철부지처럼 소셜미디어에 끝없이 ‘망언’을 쏟아내는 기행의 달인이다. 저자는 괴팍하면서도 예측 불가능한 머스크의 성격과 세 번에 걸친 불안정한 결혼 생활, 리스크를 추구하는 사업 스타일 등 그의 공적·사적 생활을 상세하게 담았다.머스크와의 인터뷰뿐 아니라 제프 베이조스, 빌 게이츠 등 실리콘밸리의 거물들, 고난과 영광을 함께한 동료들, 가족, 전처들과의 인터뷰를 통해 머스크란 복잡한 성격의 인물을 입체적으로 그렸다.시본 질리스(왼쪽)와 일론 머스크가 그들의 쌍둥이와 함께 찍은 사진(사진=월터 아이작슨 X 캡처 이미지).",김미경(midory@edaily.co.kr)
YTN,북러 정상회담 '보스토치니 우주기지' 유력...왜? [앵커리포트],2023.09.13. 오전 11:51,"			북한 김정은 국무위원장 지난 10일 평양을 출발해 러시아 극동지방으로 향했습니다.최종 목적지가 어딜 지 궁금증이 커지고 있는데 가닥이 잡히고 있습니다.바로 러시아 보스토치니 우주기지입니다.김 위원장이 탄 기차는 어제 오전 연해주 하산역에 도착했고 이곳에서 환영식이 열렸습니다.이후에 정오가 조금 지나서 아버지 김정일 국방위원장의 고향인 우수리스크 근처 철교를 통과하는 장면이 포착되기도 했습니다.계속해서 3박 4일째 북서쪽으로 향하고 있는 건데요.아무르주 보스토치니 우주기지 방향입니다.평양에서 블라디보스토크까지 거리가 천 2백km, 블라디보스토크에서 보스토치니 우주기지까지 거리는 자동차 도로를 기준으로 천 5백km입니다.이렇게 먼 곳까지 김 위원장은 왜 가고 있는 걸까요?보스토치니 우주기지는 러시아가 2012년부터 건설하고 있는 곳으로, 나로우주센터보다 백 배 이상 크다고 합니다.우주대국이었던 옛 소련 시절의 위상을 회복하기 위해 5~7조 원 정도를 쏟아부어 건설한 곳입니다.러시아 지폐 뒷면에 나올 정도로 상징적인 장소입니다.앞서 북한은 지난 5월과 8월 정찰위성 발사에 실패했죠.이곳에서 회담을 할 경우 북한의 입장에서는 위성 발사 기술을 전수 받을 수 있는 기회가 될 것이란 분석입니다.양국 회담의 목적이 무기 거래에 있다면 최적의 장소인 셈이죠.시속 50km 정도로 이동 중인 김 위원장의 열차도 정오쯤엔 이곳에 도착할 걸로 예상됩니다.두 정상이 만나는 모습이 언제쯤 공개될지 전 세계의 이목이 집중되고 있습니다.※ '당신의 제보가 뉴스가 됩니다'[카카오톡] YTN 검색해 채널 추가[전화] 02-398-8585[메일] social@ytn.co.kr		",염혜원(hyewon@ytn.co.kr)
연합뉴스,"대만군 국방보고서 ""우크라전 교훈 삼아 비대칭 전력에 주력""",2023.09.13. 오후 1:01,"""중국의 하이브리드전에도 대비해야""대만 군함[연합뉴스 자료사진]    (타이베이=연합뉴스) 김철문 통신원 = 대만을 겨냥한 중국군의 군사적 압박이 거세지는 가운데 대만군이 우크라이나 전쟁을 교훈 삼아 비대칭 작전에 주력할 것이라고 밝혔다.    13일 자유시보와 연합보 등 대만언론에 따르면 대만 국방부는 전날 발표한 2023년 국방 보고서에서 대만의 방위 작전을 위한 군 전력 구상과 관련해 이같은 계획을 공개했다.    국방부는 '합동전력계획요강'에 따라 장거리·정밀·이동성·무인화·인공지능(AI) 무기와 장비, 무인기(드론) 등을 이용해 적의 침략을 저지할 수 있는 비대칭 핵심 전력을 신속하게 증강할 것이라고 말했다.인도 태평양 지역의 미사일 사거리[대만 국방부 캡처. 재판매 및 DB 금지]    또 비대칭 작전 개념에 따라 적군의 대만 침공 징후가 명확해지면 적군 부대 등을 선제타격해 공격을 지체시키고 미국의 인도·태평양 전력과 함께 방위 공간을 확장하기로 했다.    아울러 우크라이나 전쟁에서 드러났듯이 지휘관리 시스템의 파괴 등으로 인한 문제점을 해결하기 위해 중앙집중식 지휘에서 탈피해 분산 지휘·관리 방식을 도입할 방침이다.    기존의 해안 방어 전력 기초를 토대로 기동성있고 휴대가 가능한 AI 무기와 장비, 무인 방어시스템을 통해 적의 해안선 상륙을 저지하고 지형지물을 활용해 적의 대만 공격을 실패하게 만들겠다고 국방부는 밝혔다.    내년 1월부터 기존 4개월에서 1년으로 의무복무기간이 늘어나는 상황에서 의무복무병과 예비군도 전시에는 방위 작전에 투입시키겠다는 계획도 담겼다.중국군의 미사일 사거리[대만 국방부 캡처. 재판매 및 DB 금지]    보고서는 또 중국이 대만을 겨냥해 이른바 심리전을 포함한 '하이브리드전'을 통해 대만 내부의 분열을 꾀하고 있어 철저히 대비해야 한다고 주문하기도 했다.    대만 국방보고서는 2년에 한번씩 발간된다.    한편 대만 행정원 원자력위원회(ACE)는 전날 북부 신베이시 완리 지역 제2원전에서 우크라이나 전쟁과 같은 무인기 공격을 상정한 시뮬레이션을 토대로 민방위 조직을 처음 동원해 대응 훈련을 실시했다.대만 원전의 위치 [대만전력공사 캡처. 재판매 및 DB 금지]    jinbi100@yna.co.kr",김철문(jinbi100@yna.co.kr)
SBS,모로코 국왕은 파리서 호화 생활…지원도 거부,2023.09.12. 오후 8:23,"			<앵커>기억하시겠지만, 튀르키예에 올해 초 지진이 났을 때 우리나라를 포함해서 국제사회가 함께 지원에 나섰습니다. 이번에도 여러 나라가 돕겠다는 뜻을 밝혔는데, 왜 그런지 모로코 정부는 도움의 손길을 대부분 거부하고 있습니다. 정부의 이런 안일한 대응에 더해서 모로코 국왕의 호화 생활을 비판하는 목소리도 커지고 있습니다.이 소식은 표언구 기자가 전하겠습니다.<기자>지진 현장에서는 계속해서 가족의 죽음이 확인되고, 생존자들은 급한 마음에 맨손으로 잔해를 파헤쳤습니다.[모하메드 우첸/지진피해 주민 : 구조에 정신이 없어요. 장비가 없어서 맨손으로 합니다. 누이의 머리가 보이는데 손으로 파야 했어요.]길이 끊긴 피해 마을에 지원이라곤 헬기로 떨어뜨리는 구호품뿐.물량이 부족하다 보니 소동이 벌어지기 일쑤입니다.피해 현장에서는 구조와 지원을 외치는 절규가 커지고 있습니다.[무사 부이시르판/지진피해 주민 : 모로코는 국제적인 지원을 받아들여야 합니다. 꼭 저희 때문이 아니라 주변 마을이 너무 심각하게 파괴됐기 때문입니다.]국제 사회가 앞다퉈 모로코 지원 의사를 밝혔지만 모로코 정부가 지원을 승인한 국가는 스페인과 영국 등 4개국에 불과합니다.국외 지원을 모두 받아들일 경우 조율이 어렵다는 게 승인을 미루는 이유입니다.국가 위기 시 국왕이 컨트롤타워 역할을 해야 하는데, 지진 발생 당시 국왕은 자신의 프랑스 파리 호화주택에 머물고 있었습니다.지진 발생 18시간이 지나서야 군대에 구조를 지시했다는 짤막한 성명만 나왔습니다.국왕에게 모든 권력이 집중된 상황에서 느린 의사결정으로, 재앙을 맞은 모로코 국민의 고통만 커지고 있다는 비난이 거세지고 있습니다.(영상편집 : 김병직)▷ ""시신으로 돌아오다니"" 희망이 절망으로…모로코 강진 구조 현장[ 원문 링크 : https://news.sbs.co.kr/n/?id=N1007344629 ]",표언구 기자 eungoo@sbs.co.kr
SBS,도난당한 반 고흐 그림 '봄의 정원' 3년 만에 되찾아,2023.09.13. 오전 12:12,"▲ 빈센트 반 고흐의 '봄의 정원'(Spring Garden)네덜란드의 한 미술관이 2020년 도난당한 빈센트 반 고흐의 그림을 3년 만에 되찾았다고 로이터, AFP 통신이 12일(현지시각) 보도했습니다.네덜란드 북동부 흐로닝언주에 있는 흐로닝언 박물관은 ""반 고흐의 '봄의 정원'이 도난당한 지 3년 만에 돌아왔다""고 밝혔습니다.흐로닝언 박물관은 ""그림이 손상되긴 했지만, 겉으로 보기에는 양호한 상태""라면서 현재 암스테르담 반 고흐 박물관이 이 작품을 임시 보관하고 있다고 전했습니다.1884년 완성된 '봄의 정원'은 반 고흐의 부모가 살았던 네덜란드 마을 뉘넌의 한 목사관 정원의 풍경을 담은 작품으로 가치는 최고 600만 유로, 우리 돈 약 85억 원에 이르는 것으로 평가됩니다.흐로닝언 박물관 소장품이지만 2020년 3월 도둑맞았을 때는 네덜란드 싱어 라런 미술관에 대여 중이었습니다.도둑들은 새벽을 틈타 싱어 라런 미술관 유리문을 부수고 침입해 이 작품을 훔쳐 달아났습니다.도둑들이 잡혔는지 등 구체적인 횟수 경위는 바로 전해지지 않았습니다.(사진=흐로닝언 박물관 웹사이트 제공, 연합뉴스)		",윤나라 기자 invictus@sbs.co.kr
